ts,ts_fix,lat,lon,alt,hdg,spd
2020-10-29T15:10:13.726797+00:00,2020-10-29T15:10:14.000000Z,38.7728,-9.14472,0.0,353.828,0.0
2020-10-29T15:10:14.726872+00:00,2020-10-29T15:10:17.000000Z,38.7728,-9.14472,0.0,356.59,0.0
2020-10-29T15:10:15.727399+00:00,2020-10-29T15:10:18.000000Z,38.7728,-9.14472,0.0,355.708,0.0
2020-10-29T15:10:16.728223+00:00,2020-10-29T15:10:19.000000Z,38.7728,-9.14472,0.0,356.031,0.0
2020-10-29T15:10:17.728914+00:00,2020-10-29T15:10:20.000000Z,38.7728,-9.14472,0.0,358.505,0.0
2020-10-29T15:10:18.729866+00:00,2020-10-29T15:10:21.000000Z,38.7728,-9.14472,0.0,356.918,0.0
2020-10-29T15:10:19.730339+00:00,2020-10-29T15:10:22.000000Z,38.7729,-9.14472,0.0,355.582,0.0
2020-10-29T15:10:20.731055+00:00,2020-10-29T15:10:23.000000Z,38.7729,-9.14472,0.0,357.513,0.0
2020-10-29T15:10:21.732738+00:00,2020-10-29T15:10:24.000000Z,38.7729,-9.14473,0.0,357.976,0.0
2020-10-29T15:10:22.733470+00:00,2020-10-29T15:10:25.000000Z,38.7729,-9.14473,0.0,355.913,0.0
2020-10-29T15:10:23.733595+00:00,2020-10-29T15:10:26.000000Z,38.7729,-9.14473,0.0,354.936,0.0
2020-10-29T15:10:24.734422+00:00,2020-10-29T15:10:27.000000Z,38.7729,-9.14473,0.0,356.324,0.0
2020-10-29T15:10:25.734576+00:00,2020-10-29T15:10:28.000000Z,38.7729,-9.14473,0.0,357.589,0.0
2020-10-29T15:10:26.735289+00:00,2020-10-29T15:10:29.000000Z,38.7729,-9.14473,0.0,359.379,0.0
2020-10-29T15:10:27.736324+00:00,2020-10-29T15:10:30.000000Z,38.7729,-9.14473,0.0,357.12,0.0
2020-10-29T15:10:28.737213+00:00,2020-10-29T15:10:31.000000Z,38.7729,-9.14473,0.0,357.249,0.0
2020-10-29T15:10:29.738313+00:00,2020-10-29T15:10:32.000000Z,38.7729,-9.14473,0.0,356.84,0.0
2020-10-29T15:10:30.738334+00:00,2020-10-29T15:10:33.000000Z,38.7729,-9.14474,0.0,358.463,0.0
2020-10-29T15:10:31.739152+00:00,2020-10-29T15:10:34.000000Z,38.7731,-9.14477,99.132,3.549,0.0
2020-10-29T15:10:32.740014+00:00,2020-10-29T15:10:35.000000Z,38.7731,-9.14477,98.99,6.1333,0.0
2020-10-29T15:10:33.740651+00:00,2020-10-29T15:10:36.000000Z,38.7731,-9.14477,98.881,358.97,0.0
2020-10-29T15:10:34.741425+00:00,2020-10-29T15:10:37.000000Z,38.7731,-9.14477,98.391,356.251,0.0
2020-10-29T15:10:35.742198+00:00,2020-10-29T15:10:38.000000Z,38.7731,-9.14478,97.889,357.584,0.0
2020-10-29T15:10:36.743033+00:00,2020-10-29T15:10:39.000000Z,38.7731,-9.14477,97.306,355.132,0.0
2020-10-29T15:10:37.743226+00:00,2020-10-29T15:10:40.000000Z,38.7731,-9.14477,96.792,353.186,0.0
2020-10-29T15:10:38.743676+00:00,2020-10-29T15:10:41.000000Z,38.7731,-9.14477,96.144,352.397,0.0
2020-10-29T15:10:39.744972+00:00,2020-10-29T15:10:42.000000Z,38.7731,-9.14477,95.837,343.628,0.0
2020-10-29T15:10:40.745973+00:00,2020-10-29T15:10:43.000000Z,38.7731,-9.14477,95.684,347.546,0.0
2020-10-29T15:10:41.746381+00:00,2020-10-29T15:10:44.000000Z,38.7731,-9.14477,95.556,348.941,0.0
2020-10-29T15:10:42.746611+00:00,2020-10-29T15:10:45.000000Z,38.7731,-9.14477,95.394,347.441,0.0
2020-10-29T15:10:43.747929+00:00,2020-10-29T15:10:46.000000Z,38.7731,-9.14476,94.735,343.101,0.0
2020-10-29T15:10:44.748286+00:00,2020-10-29T15:10:47.000000Z,38.7731,-9.14476,94.685,342.449,0.0
2020-10-29T15:10:45.749092+00:00,2020-10-29T15:10:48.000000Z,38.773,-9.14476,95.166,344.998,0.0
2020-10-29T15:10:46.748627+00:00,2020-10-29T15:10:49.000000Z,38.773,-9.14476,94.92,342.098,0.0
2020-10-29T15:10:47.749851+00:00,2020-10-29T15:10:50.000000Z,38.773,-9.14475,95.121,349.303,0.0
2020-10-29T15:10:48.751624+00:00,2020-10-29T15:10:51.000000Z,38.773,-9.14475,95.634,344.806,0.0
2020-10-29T15:10:49.751477+00:00,2020-10-29T15:10:52.000000Z,38.773,-9.14475,96.234,344.757,0.0
2020-10-29T15:10:50.751592+00:00,2020-10-29T15:10:53.000000Z,38.773,-9.14475,96.722,343.622,0.0
2020-10-29T15:10:51.752415+00:00,2020-10-29T15:10:54.000000Z,38.773,-9.14475,97.188,335.725,0.0
2020-10-29T15:10:52.752773+00:00,2020-10-29T15:10:55.000000Z,38.773,-9.14475,98.1,334.876,0.0
2020-10-29T15:10:53.753005+00:00,2020-10-29T15:10:56.000000Z,38.773,-9.14475,98.786,338.08,0.0
2020-10-29T15:10:54.753310+00:00,2020-10-29T15:10:57.000000Z,38.773,-9.14475,99.193,335.088,0.0
2020-10-29T15:10:55.754535+00:00,2020-10-29T15:10:58.000000Z,38.773,-9.14475,99.674,323.483,0.0
2020-10-29T15:10:56.754744+00:00,2020-10-29T15:10:59.000000Z,38.773,-9.14475,100.406,311.952,0.0
2020-10-29T15:10:57.754911+00:00,2020-10-29T15:11:00.000000Z,38.773,-9.14474,100.716,300.828,0.0
2020-10-29T15:10:58.755286+00:00,2020-10-29T15:11:01.000000Z,38.773,-9.14474,100.976,293.895,0.0
2020-10-29T15:10:59.755683+00:00,2020-10-29T15:11:02.000000Z,38.773,-9.14474,101.408,238.107,0.0
2020-10-29T15:11:00.756418+00:00,2020-10-29T15:11:03.000000Z,38.773,-9.14474,101.461,292.79,0.0
2020-10-29T15:11:01.756911+00:00,2020-10-29T15:11:04.000000Z,38.773,-9.14474,102.727,311.119,0.0
2020-10-29T15:11:02.757878+00:00,2020-10-29T15:11:05.000000Z,38.773,-9.14474,103.964,343.608,0.0
2020-10-29T15:11:03.758262+00:00,2020-10-29T15:11:06.000000Z,38.773,-9.14475,105.406,339.214,7.6068
2020-10-29T15:11:04.759302+00:00,2020-10-29T15:11:07.000000Z,38.773,-9.14476,107.421,311.911,6.1272
2020-10-29T15:11:05.759524+00:00,2020-10-29T15:11:08.000000Z,38.773,-9.14478,110.52,328.891,8.3556
2020-10-29T15:11:06.760363+00:00,2020-10-29T15:11:09.000000Z,38.773,-9.1448,111.037,277.976,7.0236
2020-10-29T15:11:07.760549+00:00,2020-10-29T15:11:07.000000Z,38.7729,-9.14483,112.902,248.92,8.6436
2020-10-29T15:11:08.760796+00:00,2020-10-29T15:11:08.000000Z,38.7729,-9.14485,114.978,236.068,8.8524
2020-10-29T15:11:09.761882+00:00,2020-10-29T15:11:09.000000Z,38.7729,-9.14487,116.045,230.424,11.2104
2020-10-29T15:11:10.761676+00:00,2020-10-29T15:11:10.000000Z,38.7728,-9.14489,115.676,231.861,12.2832
2020-10-29T15:11:11.762615+00:00,2020-10-29T15:11:11.000000Z,38.7728,-9.14491,116.498,233.667,11.2104
2020-10-29T15:11:12.763038+00:00,2020-10-29T15:11:12.000000Z,38.7728,-9.14494,118.954,228.494,11.2536
2020-10-29T15:11:13.763130+00:00,2020-10-29T15:11:13.000000Z,38.7728,-9.14494,118.416,214.691,8.2836
2020-10-29T15:11:14.763335+00:00,2020-10-29T15:11:14.000000Z,38.7728,-9.14493,116.53,291.701,4.2984
2020-10-29T15:11:15.764231+00:00,2020-10-29T15:11:15.000000Z,38.7729,-9.14492,114.788,311.537,0.0
2020-10-29T15:11:16.764789+00:00,2020-10-29T15:11:16.000000Z,38.7729,-9.14492,112.619,332.376,6.0372
2020-10-29T15:11:17.765776+00:00,2020-10-29T15:11:17.000000Z,38.7729,-9.14491,110.638,337.779,0.0
2020-10-29T15:11:18.767039+00:00,2020-10-29T15:11:18.000000Z,38.7729,-9.14491,108.919,334.343,0.0
2020-10-29T15:11:19.768377+00:00,2020-10-29T15:11:19.000000Z,38.7729,-9.14492,108.364,269.435,6.0516
2020-10-29T15:11:20.768956+00:00,2020-10-29T15:11:20.000000Z,38.7729,-9.14492,107.755,234.778,0.0
2020-10-29T15:11:21.770148+00:00,2020-10-29T15:11:21.000000Z,38.773,-9.14491,107.181,216.848,0.0
2020-10-29T15:11:22.770488+00:00,2020-10-29T15:11:22.000000Z,38.773,-9.14491,107.074,218.502,0.0
2020-10-29T15:11:23.770811+00:00,2020-10-29T15:11:23.000000Z,38.773,-9.14491,107.118,216.895,0.0
2020-10-29T15:11:24.771728+00:00,2020-10-29T15:11:24.000000Z,38.773,-9.14491,107.16,218.721,0.0
2020-10-29T15:11:25.772840+00:00,2020-10-29T15:11:25.000000Z,38.773,-9.14491,107.255,338.506,0.0
2020-10-29T15:11:26.773804+00:00,2020-10-29T15:11:26.000000Z,38.773,-9.14491,109.057,331.205,0.0
2020-10-29T15:11:27.775453+00:00,2020-10-29T15:11:27.000000Z,38.773,-9.14491,109.556,354.663,0.0
2020-10-29T15:11:28.775701+00:00,2020-10-29T15:11:28.000000Z,38.773,-9.14487,0.0,73.2888,6.7032
2020-10-29T15:11:29.775988+00:00,2020-10-29T15:11:29.000000Z,38.773,-9.14487,0.0,33.6535,0.0
2020-10-29T15:11:30.777451+00:00,2020-10-29T15:11:30.000000Z,38.773,-9.14486,99.564,181.388,16.7436
2020-10-29T15:11:31.778026+00:00,2020-10-29T15:11:31.000000Z,38.773,-9.14488,105.467,191.94,12.834
2020-10-29T15:11:32.777674+00:00,2020-10-29T15:11:32.000000Z,38.773,-9.14488,105.995,179.898,11.6856
2020-10-29T15:11:33.778228+00:00,2020-10-29T15:11:33.000000Z,38.7729,-9.14487,107.099,160.774,7.9452
2020-10-29T15:11:34.778812+00:00,2020-10-29T15:11:34.000000Z,38.7729,-9.14485,107.162,173.062,0.0
2020-10-29T15:11:35.779439+00:00,2020-10-29T15:11:35.000000Z,38.7729,-9.14486,107.905,204.986,0.0
2020-10-29T15:11:36.780503+00:00,2020-10-29T15:11:36.000000Z,38.7729,-9.14487,108.298,215.873,0.0
2020-10-29T15:11:37.780643+00:00,2020-10-29T15:11:37.000000Z,38.7728,-9.14488,110.411,207.69,9.7524
2020-10-29T15:11:38.780762+00:00,2020-10-29T15:11:38.000000Z,38.7728,-9.1449,111.845,210.004,11.8152
2020-10-29T15:11:39.781066+00:00,2020-10-29T15:11:39.000000Z,38.7728,-9.14491,112.572,202.332,13.3056
2020-10-29T15:11:40.781471+00:00,2020-10-29T15:11:40.000000Z,38.7727,-9.14491,113.864,220.088,10.1088
2020-10-29T15:11:41.782535+00:00,2020-10-29T15:11:41.000000Z,38.7728,-9.14493,114.794,272.194,10.6452
2020-10-29T15:11:42.783377+00:00,2020-10-29T15:11:42.000000Z,38.7727,-9.14494,116.199,259.265,0.0
2020-10-29T15:11:43.783405+00:00,2020-10-29T15:11:43.000000Z,38.7727,-9.14497,118.127,218.531,12.672
2020-10-29T15:11:44.784588+00:00,2020-10-29T15:11:44.000000Z,38.7726,-9.145,121.045,215.671,18.7452
2020-10-29T15:11:45.784760+00:00,2020-10-29T15:11:45.000000Z,38.7726,-9.14504,123.065,233.149,20.7252
2020-10-29T15:11:46.785782+00:00,2020-10-29T15:11:46.000000Z,38.7726,-9.14507,122.136,224.924,20.2464
2020-10-29T15:11:47.786796+00:00,2020-10-29T15:11:47.000000Z,38.7726,-9.1451,121.191,225.967,19.3752
2020-10-29T15:11:48.787128+00:00,2020-10-29T15:11:48.000000Z,38.7725,-9.14514,121.04,228.538,19.7676
2020-10-29T15:11:49.788004+00:00,2020-10-29T15:11:49.000000Z,38.7725,-9.14518,120.451,224.536,21.4776
2020-10-29T15:11:50.788259+00:00,2020-10-29T15:11:50.000000Z,38.7724,-9.14522,120.831,219.275,25.4376
2020-10-29T15:11:51.789638+00:00,2020-10-29T15:11:51.000000Z,38.7724,-9.14526,121.34,217.257,24.3216
2020-10-29T15:11:52.789497+00:00,2020-10-29T15:11:52.000000Z,38.7724,-9.1453,120.395,228.584,20.7576
2020-10-29T15:11:53.790903+00:00,2020-10-29T15:11:53.000000Z,38.7723,-9.14533,120.491,221.862,18.8316
2020-10-29T15:11:54.790924+00:00,2020-10-29T15:11:54.000000Z,38.7723,-9.14537,120.594,219.488,23.1516
2020-10-29T15:11:55.792104+00:00,2020-10-29T15:11:55.000000Z,38.7723,-9.14537,0.0,223.31,14.3424
2020-10-29T15:11:56.793246+00:00,2020-10-29T15:11:56.000000Z,38.7723,-9.14539,0.0,223.139,12.9204
2020-10-29T15:11:57.794368+00:00,2020-10-29T15:11:57.000000Z,38.7722,-9.14541,112.808,203.538,34.6068
2020-10-29T15:11:58.795267+00:00,2020-10-29T15:11:58.000000Z,38.7721,-9.14544,116.206,200.653,30.5892
2020-10-29T15:11:59.796246+00:00,2020-10-29T15:11:59.000000Z,38.7721,-9.14546,116.684,202.773,23.922
2020-10-29T15:12:00.797486+00:00,2020-10-29T15:12:00.000000Z,38.7721,-9.14546,117.725,194.444,21.8088
2020-10-29T15:12:01.798713+00:00,2020-10-29T15:12:01.000000Z,38.772,-9.14547,117.998,194.596,16.1856
2020-10-29T15:12:02.799454+00:00,2020-10-29T15:12:02.000000Z,38.7719,-9.14549,119.319,198.812,21.528
2020-10-29T15:12:03.799416+00:00,2020-10-29T15:12:03.000000Z,38.7719,-9.14549,120.015,188.505,25.9128
2020-10-29T15:12:04.799682+00:00,2020-10-29T15:12:04.000000Z,38.7718,-9.14548,119.872,179.955,25.0416
2020-10-29T15:12:05.800332+00:00,2020-10-29T15:12:05.000000Z,38.7717,-9.14547,119.56,181.323,24.3216
2020-10-29T15:12:06.800910+00:00,2020-10-29T15:12:06.000000Z,38.7717,-9.14548,120.244,189.393,26.9172
2020-10-29T15:12:07.801619+00:00,2020-10-29T15:12:07.000000Z,38.7716,-9.1455,119.566,201.836,30.8376
2020-10-29T15:12:08.802309+00:00,2020-10-29T15:12:08.000000Z,38.7716,-9.14554,120.636,212.653,25.0128
2020-10-29T15:12:09.802746+00:00,2020-10-29T15:12:09.000000Z,38.7715,-9.14556,119.908,213.737,20.5524
2020-10-29T15:12:10.803862+00:00,2020-10-29T15:12:10.000000Z,38.7715,-9.14559,120.53,211.821,16.866
2020-10-29T15:12:11.804662+00:00,2020-10-29T15:12:11.000000Z,38.7715,-9.14561,121.332,207.962,14.616
2020-10-29T15:12:12.805360+00:00,2020-10-29T15:12:12.000000Z,38.7715,-9.14562,121.369,209.499,9.1872
2020-10-29T15:12:13.806375+00:00,2020-10-29T15:12:13.000000Z,38.7715,-9.14563,121.057,246.76,6.228
2020-10-29T15:12:14.806825+00:00,2020-10-29T15:12:14.000000Z,38.7714,-9.14563,120.536,229.695,0.0
2020-10-29T15:12:15.807739+00:00,2020-10-29T15:12:15.000000Z,38.7714,-9.14564,120.233,221.499,8.7696
2020-10-29T15:12:16.808880+00:00,2020-10-29T15:12:16.000000Z,38.7714,-9.14565,120.424,212.634,13.6332
2020-10-29T15:12:17.809961+00:00,2020-10-29T15:12:17.000000Z,38.7713,-9.14569,122.053,216.355,21.3336
2020-10-29T15:12:18.810531+00:00,2020-10-29T15:12:18.000000Z,38.7713,-9.14573,123.131,218.558,24.984
2020-10-29T15:12:19.810903+00:00,2020-10-29T15:12:19.000000Z,38.7712,-9.14578,121.868,219.429,26.3052
2020-10-29T15:12:20.811408+00:00,2020-10-29T15:12:20.000000Z,38.7712,-9.14582,122.304,214.412,28.3788
2020-10-29T15:12:21.812582+00:00,2020-10-29T15:12:21.000000Z,38.7711,-9.14587,124.21,208.563,27.3132
2020-10-29T15:12:22.813144+00:00,2020-10-29T15:12:22.000000Z,38.7711,-9.14591,123.839,215.905,29.0664
2020-10-29T15:12:23.813377+00:00,2020-10-29T15:12:23.000000Z,38.771,-9.14595,122.412,215.789,29.4012
2020-10-29T15:12:24.813911+00:00,2020-10-29T15:12:24.000000Z,38.771,-9.146,121.876,226.686,26.064
2020-10-29T15:12:25.815218+00:00,2020-10-29T15:12:25.000000Z,38.7709,-9.14605,121.774,209.661,34.164
2020-10-29T15:12:26.815404+00:00,2020-10-29T15:12:26.000000Z,38.7708,-9.1461,122.697,203.336,41.3316
2020-10-29T15:12:27.816153+00:00,2020-10-29T15:12:27.000000Z,38.7707,-9.14615,122.555,208.382,35.2224
2020-10-29T15:12:28.816576+00:00,2020-10-29T15:12:28.000000Z,38.7706,-9.14618,122.033,197.186,40.8708
2020-10-29T15:12:29.816790+00:00,2020-10-29T15:12:29.000000Z,38.7705,-9.14621,121.876,194.609,43.578
2020-10-29T15:12:30.817827+00:00,2020-10-29T15:12:30.000000Z,38.7704,-9.14624,122.373,194.068,40.7304
2020-10-29T15:12:31.818554+00:00,2020-10-29T15:12:31.000000Z,38.7703,-9.14627,123.211,194.005,36.6588
2020-10-29T15:12:32.818549+00:00,2020-10-29T15:12:32.000000Z,38.7702,-9.14629,123.785,192.607,37.2168
2020-10-29T15:12:33.818991+00:00,2020-10-29T15:12:33.000000Z,38.7701,-9.14632,124.477,193.899,34.542
2020-10-29T15:12:34.819828+00:00,2020-10-29T15:12:34.000000Z,38.77,-9.14635,125.647,203.552,30.6324
2020-10-29T15:12:35.820407+00:00,2020-10-29T15:12:35.000000Z,38.77,-9.14639,126.533,212.885,28.458
2020-10-29T15:12:36.820920+00:00,2020-10-29T15:12:36.000000Z,38.7699,-9.14646,128.271,223.461,32.1372
2020-10-29T15:12:37.821408+00:00,2020-10-29T15:12:37.000000Z,38.7698,-9.14654,129.599,229.574,37.2996
2020-10-29T15:12:38.822132+00:00,2020-10-29T15:12:38.000000Z,38.7698,-9.14661,129.852,244.033,32.886
2020-10-29T15:12:39.823018+00:00,2020-10-29T15:12:39.000000Z,38.7698,-9.14667,126.399,258.125,27.6696
2020-10-29T15:12:40.823229+00:00,2020-10-29T15:12:40.000000Z,38.7699,-9.14672,125.682,273.009,22.7592
2020-10-29T15:12:41.824316+00:00,2020-10-29T15:12:41.000000Z,38.77,-9.14672,122.881,324.88,21.2148
2020-10-29T15:12:42.825152+00:00,2020-10-29T15:12:42.000000Z,38.7701,-9.14671,123.349,352.959,22.6116
2020-10-29T15:12:43.825977+00:00,2020-10-29T15:12:43.000000Z,38.7701,-9.14671,123.89,3.2411,27.054
2020-10-29T15:12:44.827091+00:00,2020-10-29T15:12:44.000000Z,38.7702,-9.1467,124.873,3.6603,27.7848
2020-10-29T15:12:45.827735+00:00,2020-10-29T15:12:45.000000Z,38.7703,-9.1467,125.926,0.6974,30.7692
2020-10-29T15:12:46.828748+00:00,2020-10-29T15:12:46.000000Z,38.7703,-9.14669,126.876,2.3368,29.8476
2020-10-29T15:12:47.829233+00:00,2020-10-29T15:12:47.000000Z,38.7704,-9.14668,128.041,4.1242,34.7364
2020-10-29T15:12:48.829740+00:00,2020-10-29T15:12:48.000000Z,38.7705,-9.14668,129.635,5.4231,36.7596
2020-10-29T15:12:49.830571+00:00,2020-10-29T15:12:49.000000Z,38.7706,-9.14667,131.693,5.7881,38.6712
2020-10-29T15:12:50.830638+00:00,2020-10-29T15:12:50.000000Z,38.7707,-9.14666,133.305,3.9521,39.5532
2020-10-29T15:12:51.831386+00:00,2020-10-29T15:12:51.000000Z,38.7708,-9.14666,135.323,1.8356,40.6944
2020-10-29T15:12:52.832527+00:00,2020-10-29T15:12:52.000000Z,38.7709,-9.14665,136.637,4.3617,42.3468
2020-10-29T15:12:53.832743+00:00,2020-10-29T15:12:53.000000Z,38.771,-9.14663,138.134,8.2025,45.7524
2020-10-29T15:12:54.832972+00:00,2020-10-29T15:12:54.000000Z,38.7711,-9.1466,139.073,7.473,49.5684
2020-10-29T15:12:55.834085+00:00,2020-10-29T15:12:55.000000Z,38.7712,-9.14657,139.937,8.2242,52.254
2020-10-29T15:12:56.834797+00:00,2020-10-29T15:12:56.000000Z,38.7714,-9.14653,141.202,10.813,56.34
2020-10-29T15:12:57.835432+00:00,2020-10-29T15:12:57.000000Z,38.7715,-9.14649,140.177,12.5833,57.5316
2020-10-29T15:12:58.836399+00:00,2020-10-29T15:12:58.000000Z,38.7717,-9.14643,141.528,15.8323,57.978
2020-10-29T15:12:59.836050+00:00,2020-10-29T15:12:59.000000Z,38.7718,-9.14638,142.006,17.3623,57.42
2020-10-29T15:13:00.836932+00:00,2020-10-29T15:13:00.000000Z,38.7719,-9.14631,143.713,23.4291,62.0712
2020-10-29T15:13:01.837725+00:00,2020-10-29T15:13:01.000000Z,38.7721,-9.14621,146.831,28.9139,66.0636
2020-10-29T15:13:02.838553+00:00,2020-10-29T15:13:02.000000Z,38.7722,-9.14613,147.841,25.9749,63.6804
2020-10-29T15:13:03.838863+00:00,2020-10-29T15:13:03.000000Z,38.7724,-9.14603,145.605,26.14,67.6404
2020-10-29T15:13:04.839345+00:00,2020-10-29T15:13:04.000000Z,38.7726,-9.14592,0.0,23.5177,73.2528
2020-10-29T15:13:05.840168+00:00,2020-10-29T15:13:05.000000Z,38.7728,-9.14581,0.0,23.8314,79.074
2020-10-29T15:13:06.840760+00:00,2020-10-29T15:13:06.000000Z,38.773,-9.1457,0.0,24.365,83.1528
2020-10-29T15:13:07.841629+00:00,2020-10-29T15:13:07.000000Z,38.7732,-9.14559,0.0,22.8742,82.4436
2020-10-29T15:13:08.842301+00:00,2020-10-29T15:13:08.000000Z,38.7733,-9.14545,127.782,30.3717,68.4648
2020-10-29T15:13:09.843671+00:00,2020-10-29T15:13:09.000000Z,38.7734,-9.1453,128.598,32.7731,70.6716
2020-10-29T15:13:10.843315+00:00,2020-10-29T15:13:10.000000Z,38.7735,-9.14518,127.101,33.3904,71.7588
2020-10-29T15:13:11.844232+00:00,2020-10-29T15:13:11.000000Z,38.7737,-9.14505,126.125,34.0222,73.9764
2020-10-29T15:13:12.845304+00:00,2020-10-29T15:13:12.000000Z,38.7738,-9.1449,130.489,37.5439,77.8104
2020-10-29T15:13:13.845682+00:00,2020-10-29T15:13:13.000000Z,38.774,-9.14476,129.8,36.4184,75.6972
2020-10-29T15:13:14.845868+00:00,2020-10-29T15:13:14.000000Z,38.7742,-9.14461,127.3,36.146,79.6932
2020-10-29T15:13:15.846758+00:00,2020-10-29T15:13:15.000000Z,38.7743,-9.14448,127.585,34.1642,77.1876
2020-10-29T15:13:16.846924+00:00,2020-10-29T15:13:16.000000Z,38.7745,-9.14436,129.845,32.7069,75.7764
2020-10-29T15:13:17.847179+00:00,2020-10-29T15:13:17.000000Z,38.7746,-9.14422,131.196,35.5841,78.8868
2020-10-29T15:13:18.847727+00:00,2020-10-29T15:13:18.000000Z,38.7748,-9.14407,129.438,35.1255,79.8732
2020-10-29T15:13:19.848516+00:00,2020-10-29T15:13:19.000000Z,38.775,-9.14393,128.907,34.495,80.7192
2020-10-29T15:13:20.849241+00:00,2020-10-29T15:13:20.000000Z,38.7751,-9.1438,131.067,34.3936,79.164
2020-10-29T15:13:21.849406+00:00,2020-10-29T15:13:21.000000Z,38.7753,-9.14366,133.642,34.482,80.7984
2020-10-29T15:13:22.850384+00:00,2020-10-29T15:13:22.000000Z,38.7755,-9.14351,0.0,34.4819,82.2888
2020-10-29T15:13:23.851472+00:00,2020-10-29T15:13:23.000000Z,38.7756,-9.14336,0.0,34.166,83.7576
2020-10-29T15:13:24.851338+00:00,2020-10-29T15:13:24.000000Z,38.7758,-9.1432,0.0,35.8228,86.8716
2020-10-29T15:13:25.852310+00:00,2020-10-29T15:13:25.000000Z,38.776,-9.14303,0.0,36.0453,88.4772
2020-10-29T15:13:26.852927+00:00,2020-10-29T15:13:26.000000Z,38.7762,-9.14287,0.0,35.5817,91.1052
2020-10-29T15:13:27.853010+00:00,2020-10-29T15:13:27.000000Z,38.7764,-9.14276,127.213,33.702,76.7448
2020-10-29T15:13:28.854008+00:00,2020-10-29T15:13:28.000000Z,38.7765,-9.14262,131.178,33.8712,79.4232
2020-10-29T15:13:29.855032+00:00,2020-10-29T15:13:29.000000Z,38.7767,-9.14248,134.396,37.1695,76.3452
2020-10-29T15:13:30.855637+00:00,2020-10-29T15:13:30.000000Z,38.7768,-9.14234,137.784,38.5172,70.5996
2020-10-29T15:13:31.856376+00:00,2020-10-29T15:13:31.000000Z,38.777,-9.14219,140.937,36.9725,79.488
2020-10-29T15:13:32.857458+00:00,2020-10-29T15:13:32.000000Z,38.7773,-9.142,131.386,34.9251,84.4056
2020-10-29T15:13:33.857628+00:00,2020-10-29T15:13:33.000000Z,38.7775,-9.14183,124.489,34.3729,85.7016
2020-10-29T15:13:34.857638+00:00,2020-10-29T15:13:34.000000Z,38.7777,-9.14167,122.619,32.1305,90.1728
2020-10-29T15:13:35.858405+00:00,2020-10-29T15:13:35.000000Z,38.7779,-9.1415,122.754,34.1824,91.242
2020-10-29T15:13:36.860105+00:00,2020-10-29T15:13:36.000000Z,38.7781,-9.14135,122.596,33.4931,87.4476
2020-10-29T15:13:37.859856+00:00,2020-10-29T15:13:37.000000Z,38.7782,-9.14119,123.266,34.4675,88.3224
2020-10-29T15:13:38.860055+00:00,2020-10-29T15:13:38.000000Z,38.7784,-9.14103,121.711,33.6423,88.4376
2020-10-29T15:13:39.861062+00:00,2020-10-29T15:13:39.000000Z,38.7786,-9.14087,122.066,35.0872,89.5176
2020-10-29T15:13:40.861653+00:00,2020-10-29T15:13:40.000000Z,38.7788,-9.1407,121.581,34.8035,90.036
2020-10-29T15:13:41.862465+00:00,2020-10-29T15:13:41.000000Z,38.779,-9.14054,121.108,33.88,89.7192
2020-10-29T15:13:42.862286+00:00,2020-10-29T15:13:42.000000Z,38.7792,-9.14039,121.167,33.5603,90.0648
2020-10-29T15:13:43.863422+00:00,2020-10-29T15:13:43.000000Z,38.7794,-9.14023,120.424,33.0768,90.72
2020-10-29T15:13:44.864092+00:00,2020-10-29T15:13:44.000000Z,38.7795,-9.14007,119.814,33.1522,91.1376
2020-10-29T15:13:45.865266+00:00,2020-10-29T15:13:45.000000Z,38.7797,-9.13992,117.772,33.0694,90.2448
2020-10-29T15:13:46.865515+00:00,2020-10-29T15:13:46.000000Z,38.7799,-9.13977,117.345,31.215,91.5084
2020-10-29T15:13:47.865892+00:00,2020-10-29T15:13:47.000000Z,38.7801,-9.13963,116.253,29.5654,92.3652
2020-10-29T15:13:48.866056+00:00,2020-10-29T15:13:48.000000Z,38.7803,-9.1395,115.725,28.7755,92.43
2020-10-29T15:13:49.867215+00:00,2020-10-29T15:13:49.000000Z,38.7805,-9.13936,115.709,26.8306,93.4956
2020-10-29T15:13:50.867285+00:00,2020-10-29T15:13:50.000000Z,38.7808,-9.13924,115.282,25.5409,93.6288
2020-10-29T15:13:51.867922+00:00,2020-10-29T15:13:51.000000Z,38.781,-9.13912,114.665,24.5784,92.6856
2020-10-29T15:13:52.868288+00:00,2020-10-29T15:13:52.000000Z,38.7812,-9.139,114.776,23.878,94.302
2020-10-29T15:13:53.869502+00:00,2020-10-29T15:13:53.000000Z,38.7814,-9.13889,114.901,21.2642,93.9888
2020-10-29T15:13:54.870494+00:00,2020-10-29T15:13:54.000000Z,38.7816,-9.13879,114.895,19.9686,93.1932
2020-10-29T15:13:55.871671+00:00,2020-10-29T15:13:55.000000Z,38.7818,-9.13869,115.088,17.7975,93.8196
2020-10-29T15:13:56.871898+00:00,2020-10-29T15:13:56.000000Z,38.7821,-9.13861,115.788,16.3167,93.5388
2020-10-29T15:13:57.872257+00:00,2020-10-29T15:13:57.000000Z,38.7823,-9.13854,116.439,14.6616,92.952
2020-10-29T15:13:58.872184+00:00,2020-10-29T15:13:58.000000Z,38.7825,-9.13847,116.777,12.1009,92.5596
2020-10-29T15:13:59.872830+00:00,2020-10-29T15:13:59.000000Z,38.7828,-9.13842,118.111,9.6388,92.2608
2020-10-29T15:14:00.873508+00:00,2020-10-29T15:14:00.000000Z,38.783,-9.13838,119.116,7.2456,91.548
2020-10-29T15:14:01.873535+00:00,2020-10-29T15:14:01.000000Z,38.7832,-9.13836,120.279,3.7568,91.026
2020-10-29T15:14:02.874019+00:00,2020-10-29T15:14:02.000000Z,38.7834,-9.13836,120.605,0.3351,90.8028
2020-10-29T15:14:03.874637+00:00,2020-10-29T15:14:03.000000Z,38.7837,-9.13837,121.086,357.631,90.5724
2020-10-29T15:14:04.875668+00:00,2020-10-29T15:14:04.000000Z,38.7839,-9.13839,121.772,354.348,90.1944
2020-10-29T15:14:05.876871+00:00,2020-10-29T15:14:05.000000Z,38.7841,-9.13843,122.575,351.523,89.8812
2020-10-29T15:14:06.876879+00:00,2020-10-29T15:14:06.000000Z,38.7843,-9.13848,122.577,348.811,89.7048
2020-10-29T15:14:07.877667+00:00,2020-10-29T15:14:07.000000Z,38.7846,-9.13855,122.774,345.809,90.1764
2020-10-29T15:14:08.878893+00:00,2020-10-29T15:14:08.000000Z,38.7848,-9.13863,123.634,343.013,89.4852
2020-10-29T15:14:09.880105+00:00,2020-10-29T15:14:09.000000Z,38.785,-9.13872,124.387,340.344,85.9572
2020-10-29T15:14:10.880185+00:00,2020-10-29T15:14:10.000000Z,38.7852,-9.13882,126.383,338.328,86.598
2020-10-29T15:14:11.880332+00:00,2020-10-29T15:14:11.000000Z,38.7854,-9.13894,128.366,334.584,87.2604
2020-10-29T15:14:12.881275+00:00,2020-10-29T15:14:12.000000Z,38.7856,-9.13907,129.344,331.937,85.122
2020-10-29T15:14:13.881519+00:00,2020-10-29T15:14:13.000000Z,38.7857,-9.1392,130.711,329.214,83.6928
2020-10-29T15:14:14.882577+00:00,2020-10-29T15:14:14.000000Z,38.7859,-9.13935,132.001,326.999,83.826
2020-10-29T15:14:15.882665+00:00,2020-10-29T15:14:15.000000Z,38.7861,-9.1395,133.78,324.759,84.582
2020-10-29T15:14:16.883339+00:00,2020-10-29T15:14:16.000000Z,38.7863,-9.13967,136.072,321.665,84.0312
2020-10-29T15:14:17.884023+00:00,2020-10-29T15:14:17.000000Z,38.7864,-9.13984,137.879,319.224,83.2932
2020-10-29T15:14:18.884579+00:00,2020-10-29T15:14:18.000000Z,38.7866,-9.14002,139.556,317.219,82.8324
2020-10-29T15:14:19.885080+00:00,2020-10-29T15:14:19.000000Z,38.7867,-9.14021,140.956,314.663,81.1908
2020-10-29T15:14:20.885579+00:00,2020-10-29T15:14:20.000000Z,38.7868,-9.1404,142.544,312.571,80.82
2020-10-29T15:14:21.888772+00:00,2020-10-29T15:14:21.000000Z,38.787,-9.1406,144.038,309.744,80.622
2020-10-29T15:14:22.888569+00:00,2020-10-29T15:14:22.000000Z,38.7871,-9.1408,145.573,308.304,81.8532
2020-10-29T15:14:23.889079+00:00,2020-10-29T15:14:23.000000Z,38.7872,-9.14101,147.168,306.632,83.5344
2020-10-29T15:14:24.889214+00:00,2020-10-29T15:14:24.000000Z,38.7873,-9.14122,147.378,301.13,79.5528
2020-10-29T15:14:25.890669+00:00,2020-10-29T15:14:25.000000Z,38.7874,-9.14145,148.468,299.73,81.5292
2020-10-29T15:14:26.891632+00:00,2020-10-29T15:14:26.000000Z,38.7875,-9.14168,148.289,298.739,82.8756
2020-10-29T15:14:27.891665+00:00,2020-10-29T15:14:27.000000Z,38.7876,-9.14191,149.0,299.748,82.5192
2020-10-29T15:14:28.892291+00:00,2020-10-29T15:14:28.000000Z,38.7877,-9.14213,149.018,298.492,80.7804
2020-10-29T15:14:29.892887+00:00,2020-10-29T15:14:29.000000Z,38.7878,-9.14236,148.849,300.388,82.1952
2020-10-29T15:14:30.895315+00:00,2020-10-29T15:14:30.000000Z,38.7879,-9.1426,149.173,298.434,83.8584
2020-10-29T15:14:31.895532+00:00,2020-10-29T15:14:31.000000Z,38.788,-9.14284,149.394,298.141,85.2552
2020-10-29T15:14:32.896022+00:00,2020-10-29T15:14:32.000000Z,38.7881,-9.14308,150.125,299.322,86.7204
2020-10-29T15:14:33.896611+00:00,2020-10-29T15:14:33.000000Z,38.7882,-9.14332,150.603,299.218,86.688
2020-10-29T15:14:34.896944+00:00,2020-10-29T15:14:34.000000Z,38.7883,-9.14357,150.415,297.316,85.4748
2020-10-29T15:14:35.897273+00:00,2020-10-29T15:14:35.000000Z,38.7884,-9.14381,150.783,297.536,86.6196
2020-10-29T15:14:36.897903+00:00,2020-10-29T15:14:36.000000Z,38.7885,-9.14406,151.327,298.913,87.066
2020-10-29T15:14:37.898315+00:00,2020-10-29T15:14:37.000000Z,38.7886,-9.1443,151.731,298.315,84.4956
2020-10-29T15:14:38.899604+00:00,2020-10-29T15:14:38.000000Z,38.7887,-9.14453,151.819,298.127,82.8216
2020-10-29T15:14:39.899351+00:00,2020-10-29T15:14:39.000000Z,38.7888,-9.14476,152.365,299.154,81.738
2020-10-29T15:14:40.899754+00:00,2020-10-29T15:14:40.000000Z,38.7889,-9.14498,151.915,298.661,77.7348
2020-10-29T15:14:41.900702+00:00,2020-10-29T15:14:41.000000Z,38.789,-9.14519,151.612,298.089,72.2664
2020-10-29T15:14:42.901207+00:00,2020-10-29T15:14:42.000000Z,38.7891,-9.14538,151.81,298.406,66.96
2020-10-29T15:14:43.902465+00:00,2020-10-29T15:14:43.000000Z,38.7892,-9.14556,152.0,299.907,62.0028
2020-10-29T15:14:44.902505+00:00,2020-10-29T15:14:44.000000Z,38.7892,-9.14571,152.289,300.034,56.2356
2020-10-29T15:14:45.902958+00:00,2020-10-29T15:14:45.000000Z,38.7893,-9.14585,152.385,300.875,48.852
2020-10-29T15:14:46.903009+00:00,2020-10-29T15:14:46.000000Z,38.7893,-9.14597,152.823,301.882,42.9696
2020-10-29T15:14:47.903180+00:00,2020-10-29T15:14:47.000000Z,38.7894,-9.14607,152.465,304.699,34.2576
2020-10-29T15:14:48.904264+00:00,2020-10-29T15:14:48.000000Z,38.7894,-9.14614,152.522,313.207,27.0576
2020-10-29T15:14:49.904803+00:00,2020-10-29T15:14:49.000000Z,38.7895,-9.14618,152.797,328.303,23.0544
2020-10-29T15:14:50.905960+00:00,2020-10-29T15:14:50.000000Z,38.7895,-9.1462,152.564,334.395,13.8312
2020-10-29T15:14:51.906673+00:00,2020-10-29T15:14:51.000000Z,38.7895,-9.14621,152.576,337.713,11.6856
2020-10-29T15:14:52.907487+00:00,2020-10-29T15:14:52.000000Z,38.7895,-9.14622,151.888,345.6,7.7652
2020-10-29T15:14:53.908702+00:00,2020-10-29T15:14:53.000000Z,38.7896,-9.14623,152.402,353.464,12.42
2020-10-29T15:14:54.910107+00:00,2020-10-29T15:14:54.000000Z,38.7896,-9.14623,153.419,2.4783,15.4656
2020-10-29T15:14:55.912491+00:00,2020-10-29T15:14:55.000000Z,38.7896,-9.14623,154.202,3.9335,22.3164
2020-10-29T15:14:56.910686+00:00,2020-10-29T15:14:56.000000Z,38.7897,-9.14623,154.135,5.704,22.4964
2020-10-29T15:14:57.911636+00:00,2020-10-29T15:14:57.000000Z,38.7898,-9.14622,154.492,2.5017,23.0472
2020-10-29T15:14:58.912832+00:00,2020-10-29T15:14:58.000000Z,38.7898,-9.14622,154.333,359.53,25.0308
2020-10-29T15:14:59.914675+00:00,2020-10-29T15:14:59.000000Z,38.7899,-9.14623,154.36,356.276,28.1484
2020-10-29T15:15:00.915480+00:00,2020-10-29T15:15:00.000000Z,38.79,-9.14624,154.526,352.548,28.5588
2020-10-29T15:15:01.916051+00:00,2020-10-29T15:15:01.000000Z,38.79,-9.14625,154.57,356.492,28.2312
2020-10-29T15:15:02.917607+00:00,2020-10-29T15:15:02.000000Z,38.7901,-9.14628,154.778,343.264,30.7116
2020-10-29T15:15:03.917365+00:00,2020-10-29T15:15:03.000000Z,38.7902,-9.14633,154.879,334.359,33.4224
2020-10-29T15:15:04.917445+00:00,2020-10-29T15:15:04.000000Z,38.7903,-9.14639,154.005,326.296,35.4528
2020-10-29T15:15:05.917612+00:00,2020-10-29T15:15:05.000000Z,38.7903,-9.14646,153.813,319.567,38.2716
2020-10-29T15:15:06.919098+00:00,2020-10-29T15:15:06.000000Z,38.7904,-9.14656,153.929,313.373,42.0156
2020-10-29T15:15:07.919896+00:00,2020-10-29T15:15:07.000000Z,38.7905,-9.14666,153.969,306.373,41.2128
2020-10-29T15:15:08.920849+00:00,2020-10-29T15:15:08.000000Z,38.7905,-9.14678,154.388,300.826,42.4728
2020-10-29T15:15:09.920890+00:00,2020-10-29T15:15:09.000000Z,38.7906,-9.1469,155.014,293.831,44.3592
2020-10-29T15:15:10.921842+00:00,2020-10-29T15:15:10.000000Z,38.7906,-9.14704,155.442,286.521,45.6948
2020-10-29T15:15:11.922499+00:00,2020-10-29T15:15:11.000000Z,38.7906,-9.14719,155.895,284.374,48.9384
2020-10-29T15:15:12.922618+00:00,2020-10-29T15:15:12.000000Z,38.7906,-9.14735,156.999,275.563,52.452
2020-10-29T15:15:13.923322+00:00,2020-10-29T15:15:13.000000Z,38.7906,-9.14751,157.56,268.937,52.6464
2020-10-29T15:15:14.924300+00:00,2020-10-29T15:15:14.000000Z,38.7906,-9.14768,158.25,259.984,52.4592
2020-10-29T15:15:15.925785+00:00,2020-10-29T15:15:15.000000Z,38.7905,-9.14783,158.499,248.089,51.0264
2020-10-29T15:15:16.926444+00:00,2020-10-29T15:15:16.000000Z,38.7905,-9.14797,158.8,236.966,50.5512
2020-10-29T15:15:17.927074+00:00,2020-10-29T15:15:17.000000Z,38.7904,-9.1481,158.879,228.829,50.2848
2020-10-29T15:15:18.927203+00:00,2020-10-29T15:15:18.000000Z,38.7903,-9.14822,159.735,217.478,55.0872
2020-10-29T15:15:19.928452+00:00,2020-10-29T15:15:19.000000Z,38.7902,-9.14831,159.509,210.534,54.5184
2020-10-29T15:15:20.928586+00:00,2020-10-29T15:15:20.000000Z,38.7901,-9.14841,158.948,212.079,55.8936
2020-10-29T15:15:21.929413+00:00,2020-10-29T15:15:21.000000Z,38.79,-9.14852,157.969,218.374,56.5668
2020-10-29T15:15:22.930212+00:00,2020-10-29T15:15:22.000000Z,38.7898,-9.14864,157.481,223.69,56.1816
2020-10-29T15:15:23.931145+00:00,2020-10-29T15:15:23.000000Z,38.7898,-9.14878,156.755,233.13,59.04
2020-10-29T15:15:24.931537+00:00,2020-10-29T15:15:24.000000Z,38.7897,-9.14895,156.75,238.695,63.4428
2020-10-29T15:15:25.932072+00:00,2020-10-29T15:15:25.000000Z,38.7896,-9.14914,154.897,242.756,66.906
2020-10-29T15:15:26.933069+00:00,2020-10-29T15:15:26.000000Z,38.7895,-9.14934,154.218,243.377,70.6536
2020-10-29T15:15:27.933856+00:00,2020-10-29T15:15:27.000000Z,38.7894,-9.14955,153.136,245.307,74.5308
2020-10-29T15:15:28.934693+00:00,2020-10-29T15:15:28.000000Z,38.7894,-9.14977,153.025,246.288,75.5388
2020-10-29T15:15:29.935219+00:00,2020-10-29T15:15:29.000000Z,38.7893,-9.15,152.942,250.598,75.1176
2020-10-29T15:15:30.935394+00:00,2020-10-29T15:15:30.000000Z,38.7892,-9.15023,152.106,254.07,75.2472
2020-10-29T15:15:31.938261+00:00,2020-10-29T15:15:31.000000Z,38.7892,-9.15046,150.766,257.044,75.1392
2020-10-29T15:15:32.938586+00:00,2020-10-29T15:15:32.000000Z,38.7892,-9.15069,151.133,255.569,72.1548
2020-10-29T15:15:33.939638+00:00,2020-10-29T15:15:33.000000Z,38.7891,-9.15089,151.468,254.398,62.6076
2020-10-29T15:15:34.939851+00:00,2020-10-29T15:15:34.000000Z,38.7891,-9.15107,151.32,252.391,57.816
2020-10-29T15:15:35.940139+00:00,2020-10-29T15:15:35.000000Z,38.789,-9.15124,151.845,249.445,57.7764
2020-10-29T15:15:36.941157+00:00,2020-10-29T15:15:36.000000Z,38.789,-9.15141,151.741,246.533,57.9924
2020-10-29T15:15:37.941565+00:00,2020-10-29T15:15:37.000000Z,38.7889,-9.15157,151.223,243.048,55.3896
2020-10-29T15:15:38.942706+00:00,2020-10-29T15:15:38.000000Z,38.7888,-9.15173,151.097,237.528,59.9472
2020-10-29T15:15:39.943835+00:00,2020-10-29T15:15:39.000000Z,38.7887,-9.1519,151.446,237.876,62.1108
2020-10-29T15:15:40.944125+00:00,2020-10-29T15:15:40.000000Z,38.7887,-9.15208,151.379,236.827,65.7252
2020-10-29T15:15:41.944528+00:00,2020-10-29T15:15:41.000000Z,38.7886,-9.15226,151.534,234.875,69.282
2020-10-29T15:15:42.945302+00:00,2020-10-29T15:15:42.000000Z,38.7884,-9.15244,151.495,232.09,72.4104
2020-10-29T15:15:43.945548+00:00,2020-10-29T15:15:43.000000Z,38.7883,-9.15262,151.421,227.75,74.2788
2020-10-29T15:15:44.945673+00:00,2020-10-29T15:15:44.000000Z,38.7882,-9.15279,151.202,223.625,76.0032
2020-10-29T15:15:45.946799+00:00,2020-10-29T15:15:45.000000Z,38.788,-9.15296,150.899,220.146,80.2152
2020-10-29T15:15:46.947044+00:00,2020-10-29T15:15:46.000000Z,38.7879,-9.15312,150.878,217.122,79.7256
2020-10-29T15:15:47.948007+00:00,2020-10-29T15:15:47.000000Z,38.7877,-9.15326,150.714,213.282,81.54
2020-10-29T15:15:48.948860+00:00,2020-10-29T15:15:48.000000Z,38.7875,-9.1534,150.594,209.504,83.5092
2020-10-29T15:15:49.949906+00:00,2020-10-29T15:15:49.000000Z,38.7873,-9.15353,150.406,205.582,84.7044
2020-10-29T15:15:50.950451+00:00,2020-10-29T15:15:50.000000Z,38.7871,-9.15363,148.62,202.871,85.3704
2020-10-29T15:15:51.950834+00:00,2020-10-29T15:15:51.000000Z,38.7869,-9.15373,147.499,199.095,86.8212
2020-10-29T15:15:52.951804+00:00,2020-10-29T15:15:52.000000Z,38.7867,-9.15381,146.311,196.682,88.1604
2020-10-29T15:15:53.952240+00:00,2020-10-29T15:15:53.000000Z,38.7865,-9.15389,145.61,195.393,88.794
2020-10-29T15:15:54.953048+00:00,2020-10-29T15:15:54.000000Z,38.7863,-9.15396,144.21,194.907,89.5788
2020-10-29T15:15:55.953735+00:00,2020-10-29T15:15:55.000000Z,38.7861,-9.15403,142.958,194.67,85.6368
2020-10-29T15:15:56.953888+00:00,2020-10-29T15:15:56.000000Z,38.7859,-9.15411,141.829,194.47,87.9408
2020-10-29T15:15:57.954247+00:00,2020-10-29T15:15:57.000000Z,38.7856,-9.15421,140.621,198.997,92.1564
2020-10-29T15:15:58.954381+00:00,2020-10-29T15:15:58.000000Z,38.7854,-9.1543,0.0,198.41,88.4016
2020-10-29T15:15:59.955393+00:00,2020-10-29T15:15:59.000000Z,38.7852,-9.15432,138.117,196.449,93.5424
2020-10-29T15:16:00.956417+00:00,2020-10-29T15:16:00.000000Z,38.7849,-9.15445,137.314,196.026,91.3572
2020-10-29T15:16:01.956525+00:00,2020-10-29T15:16:01.000000Z,38.7847,-9.15454,134.813,195.263,93.1428
2020-10-29T15:16:02.957728+00:00,2020-10-29T15:16:02.000000Z,38.7845,-9.1546,132.877,195.312,91.4652
2020-10-29T15:16:03.958966+00:00,2020-10-29T15:16:03.000000Z,38.7843,-9.15467,131.266,194.891,90.684
2020-10-29T15:16:04.958637+00:00,2020-10-29T15:16:04.000000Z,38.7841,-9.15473,128.894,194.965,89.6724
2020-10-29T15:16:05.958871+00:00,2020-10-29T15:16:05.000000Z,38.7838,-9.1548,127.068,194.067,89.6724
2020-10-29T15:16:06.959474+00:00,2020-10-29T15:16:06.000000Z,38.7836,-9.15488,125.545,195.292,88.1388
2020-10-29T15:16:07.959525+00:00,2020-10-29T15:16:07.000000Z,38.7834,-9.15495,124.061,195.684,85.122
2020-10-29T15:16:08.960252+00:00,2020-10-29T15:16:08.000000Z,38.7832,-9.15503,122.902,195.585,83.3616
2020-10-29T15:16:09.961518+00:00,2020-10-29T15:16:09.000000Z,38.783,-9.1551,121.795,195.785,81.6588
2020-10-29T15:16:10.962496+00:00,2020-10-29T15:16:10.000000Z,38.7828,-9.15517,120.714,195.994,80.694
2020-10-29T15:16:11.962679+00:00,2020-10-29T15:16:11.000000Z,38.7826,-9.15524,119.52,195.602,80.6472
2020-10-29T15:16:12.963004+00:00,2020-10-29T15:16:12.000000Z,38.7825,-9.15531,118.507,196.259,78.0948
2020-10-29T15:16:13.963127+00:00,2020-10-29T15:16:13.000000Z,38.7823,-9.15538,117.225,197.135,78.8796
2020-10-29T15:16:14.963778+00:00,2020-10-29T15:16:14.000000Z,38.7821,-9.15545,115.027,197.629,78.9336
2020-10-29T15:16:15.964241+00:00,2020-10-29T15:16:15.000000Z,38.7819,-9.15553,113.91,197.632,82.0872
2020-10-29T15:16:16.964886+00:00,2020-10-29T15:16:16.000000Z,38.7817,-9.15561,112.632,198.117,83.2644
2020-10-29T15:16:17.965704+00:00,2020-10-29T15:16:17.000000Z,38.7815,-9.15569,111.369,197.946,84.3912
2020-10-29T15:16:18.968071+00:00,2020-10-29T15:16:18.000000Z,38.7813,-9.15577,110.51,197.699,86.0004
2020-10-29T15:16:19.967419+00:00,2020-10-29T15:16:19.000000Z,38.7811,-9.15586,109.512,199.281,88.2
2020-10-29T15:16:20.968347+00:00,2020-10-29T15:16:20.000000Z,38.7809,-9.15596,108.502,201.324,91.0332
2020-10-29T15:16:21.968420+00:00,2020-10-29T15:16:21.000000Z,38.7806,-9.15608,107.676,203.125,93.3264
2020-10-29T15:16:22.968299+00:00,2020-10-29T15:16:22.000000Z,38.7804,-9.15619,108.314,204.18,96.4404
2020-10-29T15:16:23.968757+00:00,2020-10-29T15:16:23.000000Z,38.7802,-9.15633,108.004,206.096,97.1496
2020-10-29T15:16:24.970012+00:00,2020-10-29T15:16:24.000000Z,38.78,-9.15647,106.626,207.024,97.2756
2020-10-29T15:16:25.970215+00:00,2020-10-29T15:16:25.000000Z,38.7798,-9.15661,105.732,206.676,100.051
2020-10-29T15:16:26.971416+00:00,2020-10-29T15:16:26.000000Z,38.7795,-9.15676,104.644,207.353,101.822
2020-10-29T15:16:27.971815+00:00,2020-10-29T15:16:27.000000Z,38.7793,-9.15692,104.565,209.379,98.7948
2020-10-29T15:16:28.972196+00:00,2020-10-29T15:16:28.000000Z,38.7791,-9.15707,103.882,209.699,99.8352
2020-10-29T15:16:29.972817+00:00,2020-10-29T15:16:29.000000Z,38.7789,-9.15724,103.487,210.04,101.142
2020-10-29T15:16:30.973883+00:00,2020-10-29T15:16:30.000000Z,38.7787,-9.1574,103.284,211.181,101.286
2020-10-29T15:16:31.974271+00:00,2020-10-29T15:16:31.000000Z,38.7784,-9.15757,103.09,211.906,101.279
2020-10-29T15:16:32.975181+00:00,2020-10-29T15:16:32.000000Z,38.7782,-9.15775,102.881,212.672,101.322
2020-10-29T15:16:33.975801+00:00,2020-10-29T15:16:33.000000Z,38.778,-9.15793,102.803,214.205,99.9576
2020-10-29T15:16:34.976903+00:00,2020-10-29T15:16:34.000000Z,38.7778,-9.15811,102.357,214.92,99.6372
2020-10-29T15:16:35.977713+00:00,2020-10-29T15:16:35.000000Z,38.7776,-9.1583,102.219,215.632,99.9936
2020-10-29T15:16:36.978210+00:00,2020-10-29T15:16:36.000000Z,38.7774,-9.15849,102.15,216.387,100.17
2020-10-29T15:16:37.979229+00:00,2020-10-29T15:16:37.000000Z,38.7772,-9.15868,102.409,217.115,99.72
2020-10-29T15:16:38.979554+00:00,2020-10-29T15:16:38.000000Z,38.777,-9.15888,102.768,217.678,100.832
2020-10-29T15:16:39.979629+00:00,2020-10-29T15:16:39.000000Z,38.7768,-9.15908,102.999,218.278,100.692
2020-10-29T15:16:40.995861+00:00,2020-10-29T15:16:40.000000Z,38.7766,-9.15928,103.379,218.957,99.9936
2020-10-29T15:16:41.992308+00:00,2020-10-29T15:16:41.000000Z,38.7764,-9.15948,104.835,219.035,100.13
2020-10-29T15:16:42.992391+00:00,2020-10-29T15:16:42.000000Z,38.7762,-9.15968,104.477,219.362,99.2304
2020-10-29T15:16:43.992197+00:00,2020-10-29T15:16:43.000000Z,38.776,-9.15988,104.94,219.837,99.2124
2020-10-29T15:16:44.993095+00:00,2020-10-29T15:16:44.000000Z,38.7758,-9.16009,105.033,220.144,102.2
2020-10-29T15:16:45.994055+00:00,2020-10-29T15:16:45.000000Z,38.7756,-9.1603,105.528,220.363,102.107
2020-10-29T15:16:46.994469+00:00,2020-10-29T15:16:46.000000Z,38.7755,-9.1605,106.538,220.907,100.249
2020-10-29T15:16:47.994957+00:00,2020-10-29T15:16:47.000000Z,38.7753,-9.16071,106.994,220.939,99.108
2020-10-29T15:16:48.996218+00:00,2020-10-29T15:16:48.000000Z,38.7751,-9.16092,107.796,220.911,99.6552
2020-10-29T15:16:49.997282+00:00,2020-10-29T15:16:49.000000Z,38.7749,-9.16113,108.771,221.41,100.044
2020-10-29T15:16:50.998880+00:00,2020-10-29T15:16:50.000000Z,38.7747,-9.16133,109.484,221.803,98.2584
2020-10-29T15:16:51.998984+00:00,2020-10-29T15:16:51.000000Z,38.7745,-9.16155,110.481,221.99,100.148
2020-10-29T15:16:52.998603+00:00,2020-10-29T15:16:52.000000Z,38.7743,-9.16176,110.99,221.922,100.58
2020-10-29T15:16:54.000096+00:00,2020-10-29T15:16:53.000000Z,38.7741,-9.16197,111.061,221.989,99.4788
2020-10-29T15:16:55.001129+00:00,2020-10-29T15:16:54.000000Z,38.774,-9.16219,111.007,222.301,99.1224
2020-10-29T15:16:56.001095+00:00,2020-10-29T15:16:55.000000Z,38.7738,-9.1624,110.592,222.325,98.6112
2020-10-29T15:16:57.001717+00:00,2020-10-29T15:16:56.000000Z,38.7736,-9.16261,110.255,222.507,100.814
2020-10-29T15:16:58.003475+00:00,2020-10-29T15:16:57.000000Z,38.7734,-9.16283,109.668,222.551,101.002
2020-10-29T15:16:59.008983+00:00,2020-10-29T15:16:58.000000Z,38.7732,-9.16305,109.277,222.676,100.958
2020-10-29T15:17:00.009771+00:00,2020-10-29T15:16:59.000000Z,38.773,-9.16327,108.949,222.212,100.951
2020-10-29T15:17:01.010667+00:00,2020-10-29T15:17:00.000000Z,38.7728,-9.16348,108.777,221.824,101.225
2020-10-29T15:17:02.011781+00:00,2020-10-29T15:17:01.000000Z,38.7726,-9.16369,108.319,221.893,101.203
2020-10-29T15:17:03.012589+00:00,2020-10-29T15:17:02.000000Z,38.7725,-9.16391,107.728,222.174,101.189
2020-10-29T15:17:04.013670+00:00,2020-10-29T15:17:03.000000Z,38.7723,-9.16413,107.043,222.676,101.502
2020-10-29T15:17:05.014740+00:00,2020-10-29T15:17:04.000000Z,38.7721,-9.16435,106.175,223.848,101.171
2020-10-29T15:17:06.016445+00:00,2020-10-29T15:17:05.000000Z,38.7719,-9.16457,105.828,224.651,100.865
2020-10-29T15:17:07.017346+00:00,2020-10-29T15:17:06.000000Z,38.7717,-9.1648,105.731,226.047,100.35
2020-10-29T15:17:08.016231+00:00,2020-10-29T15:17:07.000000Z,38.7716,-9.16503,105.888,226.571,99.7092
2020-10-29T15:17:09.016960+00:00,2020-10-29T15:17:08.000000Z,38.7714,-9.16526,105.981,227.283,99.2952
2020-10-29T15:17:10.018088+00:00,2020-10-29T15:17:09.000000Z,38.7712,-9.1655,106.423,229.45,98.7552
2020-10-29T15:17:11.018778+00:00,2020-10-29T15:17:10.000000Z,38.7711,-9.16575,106.404,231.163,98.7948
2020-10-29T15:17:12.019073+00:00,2020-10-29T15:17:11.000000Z,38.7709,-9.16599,106.771,232.46,98.136
2020-10-29T15:17:13.019402+00:00,2020-10-29T15:17:12.000000Z,38.7708,-9.16624,107.032,233.346,97.722
2020-10-29T15:17:14.019997+00:00,2020-10-29T15:17:13.000000Z,38.7707,-9.1665,107.454,234.83,97.5348
2020-10-29T15:17:15.021053+00:00,2020-10-29T15:17:14.000000Z,38.7705,-9.16675,108.033,235.525,98.172
2020-10-29T15:17:16.022003+00:00,2020-10-29T15:17:15.000000Z,38.7704,-9.16702,109.692,233.666,100.987
2020-10-29T15:17:17.022100+00:00,2020-10-29T15:17:16.000000Z,38.7702,-9.16727,110.123,233.6,98.0208
2020-10-29T15:17:18.022259+00:00,2020-10-29T15:17:17.000000Z,38.7701,-9.16753,111.779,235.259,98.2944
2020-10-29T15:17:19.024457+00:00,2020-10-29T15:17:18.000000Z,38.7699,-9.16779,113.212,237.284,96.9948
2020-10-29T15:17:20.023369+00:00,2020-10-29T15:17:19.000000Z,38.7698,-9.16805,114.016,238.413,94.3596
2020-10-29T15:17:21.024250+00:00,2020-10-29T15:17:20.000000Z,38.7697,-9.1683,115.395,238.312,94.2408
2020-10-29T15:17:22.024526+00:00,2020-10-29T15:17:21.000000Z,38.7696,-9.16856,116.709,237.887,93.8988
2020-10-29T15:17:23.025098+00:00,2020-10-29T15:17:22.000000Z,38.7694,-9.1688,117.493,238.212,91.7496
2020-10-29T15:17:24.025862+00:00,2020-10-29T15:17:23.000000Z,38.7693,-9.16905,118.277,237.767,91.4472
2020-10-29T15:17:25.026081+00:00,2020-10-29T15:17:24.000000Z,38.7692,-9.1693,119.026,237.977,92.6064
2020-10-29T15:17:26.026758+00:00,2020-10-29T15:17:25.000000Z,38.7691,-9.16955,120.435,238.155,91.1556
2020-10-29T15:17:27.026465+00:00,2020-10-29T15:17:26.000000Z,38.769,-9.16979,121.635,237.456,91.2816
2020-10-29T15:17:28.026850+00:00,2020-10-29T15:17:27.000000Z,38.7688,-9.17004,122.584,236.315,90.9
2020-10-29T15:17:29.028342+00:00,2020-10-29T15:17:28.000000Z,38.7687,-9.17027,123.85,234.977,90.4032
2020-10-29T15:17:30.029229+00:00,2020-10-29T15:17:29.000000Z,38.7686,-9.17051,125.427,233.936,87.894
2020-10-29T15:17:31.029774+00:00,2020-10-29T15:17:30.000000Z,38.7684,-9.17073,126.855,230.687,88.56
2020-10-29T15:17:32.030729+00:00,2020-10-29T15:17:31.000000Z,38.7683,-9.17094,127.999,227.838,88.9596
2020-10-29T15:17:33.031138+00:00,2020-10-29T15:17:32.000000Z,38.7681,-9.17114,128.768,225.723,87.8256
2020-10-29T15:17:34.031297+00:00,2020-10-29T15:17:33.000000Z,38.7679,-9.17134,129.706,223.155,90.0828
2020-10-29T15:17:35.031648+00:00,2020-10-29T15:17:34.000000Z,38.7678,-9.17153,130.67,220.097,90.5724
2020-10-29T15:17:36.032393+00:00,2020-10-29T15:17:35.000000Z,38.7676,-9.17171,131.121,218.252,90.8856
2020-10-29T15:17:37.033175+00:00,2020-10-29T15:17:36.000000Z,38.7674,-9.17189,131.897,215.02,92.4588
2020-10-29T15:17:38.034405+00:00,2020-10-29T15:17:37.000000Z,38.7672,-9.17204,132.004,211.717,92.448
2020-10-29T15:17:39.034185+00:00,2020-10-29T15:17:38.000000Z,38.767,-9.17218,131.227,209.263,91.1556
2020-10-29T15:17:40.033709+00:00,2020-10-29T15:17:39.000000Z,38.7668,-9.17232,130.414,207.037,92.9592
2020-10-29T15:17:41.034911+00:00,2020-10-29T15:17:40.000000Z,38.7666,-9.17244,129.882,203.96,95.2668
2020-10-29T15:17:42.034767+00:00,2020-10-29T15:17:41.000000Z,38.7664,-9.17255,129.156,201.424,95.346
2020-10-29T15:17:43.036507+00:00,2020-10-29T15:17:42.000000Z,38.7661,-9.17266,129.106,199.65,96.8328
2020-10-29T15:17:44.036713+00:00,2020-10-29T15:17:43.000000Z,38.7659,-9.17276,129.43,198.023,97.074
2020-10-29T15:17:45.037940+00:00,2020-10-29T15:17:44.000000Z,38.7657,-9.17285,129.846,195.698,96.0264
2020-10-29T15:17:46.039359+00:00,2020-10-29T15:17:45.000000Z,38.7654,-9.17292,129.663,193.397,93.438
2020-10-29T15:17:47.039377+00:00,2020-10-29T15:17:46.000000Z,38.7652,-9.17299,129.475,191.057,96.6168
2020-10-29T15:17:48.040478+00:00,2020-10-29T15:17:47.000000Z,38.765,-9.17303,129.167,188.696,96.2136
2020-10-29T15:17:49.041206+00:00,2020-10-29T15:17:48.000000Z,38.7647,-9.17307,128.759,186.111,96.2424
2020-10-29T15:17:50.042916+00:00,2020-10-29T15:17:49.000000Z,38.7645,-9.17309,128.829,183.781,97.6464
2020-10-29T15:17:51.043283+00:00,2020-10-29T15:17:50.000000Z,38.7642,-9.1731,128.784,181.146,97.704
2020-10-29T15:17:52.044238+00:00,2020-10-29T15:17:51.000000Z,38.764,-9.1731,128.25,178.604,94.4316
2020-10-29T15:17:53.045326+00:00,2020-10-29T15:17:52.000000Z,38.7638,-9.17308,127.071,176.706,94.7556
2020-10-29T15:17:54.045980+00:00,2020-10-29T15:17:53.000000Z,38.7635,-9.17305,126.846,175.794,96.7284
2020-10-29T15:17:55.049711+00:00,2020-10-29T15:17:54.000000Z,38.7633,-9.17303,126.341,174.724,95.3208
2020-10-29T15:17:56.050245+00:00,2020-10-29T15:17:55.000000Z,38.7631,-9.173,125.978,175.813,91.9008
2020-10-29T15:17:57.051175+00:00,2020-10-29T15:17:56.000000Z,38.7628,-9.17297,124.36,174.363,92.2068
2020-10-29T15:17:58.051643+00:00,2020-10-29T15:17:57.000000Z,38.7626,-9.17294,123.32,174.325,93.8844
2020-10-29T15:17:59.051664+00:00,2020-10-29T15:17:58.000000Z,38.7624,-9.17291,121.726,174.605,93.6072
2020-10-29T15:18:00.052542+00:00,2020-10-29T15:17:59.000000Z,38.7621,-9.17287,121.403,173.279,91.7028
2020-10-29T15:18:01.053264+00:00,2020-10-29T15:18:00.000000Z,38.7619,-9.17284,120.37,173.918,93.3192
2020-10-29T15:18:02.054425+00:00,2020-10-29T15:18:01.000000Z,38.7617,-9.17281,119.192,174.404,93.3264
2020-10-29T15:18:03.054688+00:00,2020-10-29T15:18:02.000000Z,38.7614,-9.17278,118.693,175.569,93.69
2020-10-29T15:18:04.055525+00:00,2020-10-29T15:18:03.000000Z,38.7612,-9.17276,118.962,174.57,93.4812
2020-10-29T15:18:05.056568+00:00,2020-10-29T15:18:04.000000Z,38.761,-9.17272,118.548,174.125,92.8008
2020-10-29T15:18:06.056722+00:00,2020-10-29T15:18:05.000000Z,38.7607,-9.17269,118.301,174.384,92.5884
2020-10-29T15:18:07.057668+00:00,2020-10-29T15:18:06.000000Z,38.7605,-9.17266,117.646,173.736,91.6416
2020-10-29T15:18:08.058702+00:00,2020-10-29T15:18:07.000000Z,38.7603,-9.17263,116.912,174.081,92.2896
2020-10-29T15:18:09.059585+00:00,2020-10-29T15:18:08.000000Z,38.76,-9.1726,116.98,174.651,92.3544
2020-10-29T15:18:10.060042+00:00,2020-10-29T15:18:09.000000Z,38.7598,-9.17257,116.835,174.55,91.3608
2020-10-29T15:18:11.060108+00:00,2020-10-29T15:18:10.000000Z,38.7596,-9.17254,115.788,174.502,89.28
2020-10-29T15:18:12.060436+00:00,2020-10-29T15:18:11.000000Z,38.7594,-9.17252,115.302,174.749,87.8832
2020-10-29T15:18:13.061216+00:00,2020-10-29T15:18:12.000000Z,38.7592,-9.17249,114.853,174.463,85.4568
2020-10-29T15:18:14.062307+00:00,2020-10-29T15:18:13.000000Z,38.7589,-9.17246,114.658,174.496,84.3876
2020-10-29T15:18:15.063214+00:00,2020-10-29T15:18:14.000000Z,38.7587,-9.17244,114.222,174.777,82.422
2020-10-29T15:18:16.063627+00:00,2020-10-29T15:18:15.000000Z,38.7585,-9.17241,113.676,174.397,81.4896
2020-10-29T15:18:17.064538+00:00,2020-10-29T15:18:16.000000Z,38.7583,-9.17239,113.616,174.809,81.1908
2020-10-29T15:18:18.064901+00:00,2020-10-29T15:18:17.000000Z,38.7581,-9.17236,112.606,174.432,79.992
2020-10-29T15:18:19.065520+00:00,2020-10-29T15:18:18.000000Z,38.7579,-9.17234,112.243,174.684,80.7336
2020-10-29T15:18:20.065528+00:00,2020-10-29T15:18:19.000000Z,38.7577,-9.17231,112.002,174.314,79.9452
2020-10-29T15:18:21.066435+00:00,2020-10-29T15:18:20.000000Z,38.7576,-9.17228,111.204,172.501,74.3472
2020-10-29T15:18:22.066514+00:00,2020-10-29T15:18:21.000000Z,38.7574,-9.17225,110.379,173.671,78.9876
2020-10-29T15:18:23.068446+00:00,2020-10-29T15:18:22.000000Z,38.7572,-9.17223,109.884,174.337,79.9236
2020-10-29T15:18:24.068669+00:00,2020-10-29T15:18:23.000000Z,38.757,-9.1722,109.017,173.908,80.5428
2020-10-29T15:18:25.068732+00:00,2020-10-29T15:18:24.000000Z,38.7568,-9.17217,108.227,173.638,80.3016
2020-10-29T15:18:26.068796+00:00,2020-10-29T15:18:25.000000Z,38.7566,-9.17214,107.584,173.144,80.1504
2020-10-29T15:18:27.069797+00:00,2020-10-29T15:18:26.000000Z,38.7564,-9.1721,106.864,171.708,79.7292
2020-10-29T15:18:28.070791+00:00,2020-10-29T15:18:27.000000Z,38.7562,-9.17206,107.095,168.757,79.4376
2020-10-29T15:18:29.071485+00:00,2020-10-29T15:18:28.000000Z,38.756,-9.17201,106.826,168.872,76.2552
2020-10-29T15:18:30.071678+00:00,2020-10-29T15:18:29.000000Z,38.7558,-9.17196,105.923,167.434,72.9252
2020-10-29T15:18:31.072479+00:00,2020-10-29T15:18:30.000000Z,38.7556,-9.1719,104.632,166.218,71.2836
2020-10-29T15:18:32.072944+00:00,2020-10-29T15:18:31.000000Z,38.7555,-9.17185,102.779,167.335,68.4648
2020-10-29T15:18:33.074100+00:00,2020-10-29T15:18:32.000000Z,38.7553,-9.1718,101.405,165.09,70.632
2020-10-29T15:18:34.074325+00:00,2020-10-29T15:18:33.000000Z,38.7551,-9.17173,100.823,163.603,69.6348
2020-10-29T15:18:35.075312+00:00,2020-10-29T15:18:34.000000Z,38.755,-9.17167,101.034,163.111,67.4532
2020-10-29T15:18:36.075472+00:00,2020-10-29T15:18:35.000000Z,38.7548,-9.17161,101.46,160.993,69.66
2020-10-29T15:18:37.076429+00:00,2020-10-29T15:18:36.000000Z,38.7546,-9.17154,99.491,160.375,67.6872
2020-10-29T15:18:38.076741+00:00,2020-10-29T15:18:37.000000Z,38.7545,-9.17146,99.928,157.95,70.578
2020-10-29T15:18:39.076756+00:00,2020-10-29T15:18:38.000000Z,38.7543,-9.17137,99.72,156.546,69.642
2020-10-29T15:18:40.077704+00:00,2020-10-29T15:18:39.000000Z,38.7542,-9.17128,98.657,154.959,68.7024
2020-10-29T15:18:41.077732+00:00,2020-10-29T15:18:40.000000Z,38.754,-9.17118,98.321,153.507,70.1712
2020-10-29T15:18:42.078129+00:00,2020-10-29T15:18:41.000000Z,38.7538,-9.17107,97.811,151.495,69.1776
2020-10-29T15:18:43.078737+00:00,2020-10-29T15:18:42.000000Z,38.7537,-9.17097,98.108,151.158,70.974
2020-10-29T15:18:44.079920+00:00,2020-10-29T15:18:43.000000Z,38.7535,-9.17087,98.319,151.562,64.8324
2020-10-29T15:18:45.081021+00:00,2020-10-29T15:18:44.000000Z,38.7534,-9.17076,97.266,149.791,68.238
2020-10-29T15:18:46.081712+00:00,2020-10-29T15:18:45.000000Z,38.7532,-9.17064,96.362,149.09,69.876
2020-10-29T15:18:47.082048+00:00,2020-10-29T15:18:46.000000Z,38.7531,-9.17052,96.149,149.132,70.074
2020-10-29T15:18:48.082559+00:00,2020-10-29T15:18:47.000000Z,38.7529,-9.17041,95.39,149.421,70.4592
2020-10-29T15:18:49.082874+00:00,2020-10-29T15:18:48.000000Z,38.7528,-9.17029,95.301,149.005,71.8632
2020-10-29T15:18:50.083807+00:00,2020-10-29T15:18:49.000000Z,38.7526,-9.17017,94.778,148.696,72.5076
2020-10-29T15:18:51.084462+00:00,2020-10-29T15:18:50.000000Z,38.7525,-9.17005,93.66,149.126,73.1844
2020-10-29T15:18:52.085148+00:00,2020-10-29T15:18:51.000000Z,38.7523,-9.16993,92.547,150.039,72.5688
2020-10-29T15:18:53.086108+00:00,2020-10-29T15:18:52.000000Z,38.7521,-9.16982,91.369,151.299,73.5372
2020-10-29T15:18:54.093707+00:00,2020-10-29T15:18:53.000000Z,38.752,-9.1697,91.065,151.117,73.9944
2020-10-29T15:18:55.092413+00:00,2020-10-29T15:18:54.000000Z,38.7518,-9.16958,90.972,149.81,74.2284
2020-10-29T15:18:56.092747+00:00,2020-10-29T15:18:55.000000Z,38.7517,-9.16946,90.613,149.793,73.5228
2020-10-29T15:18:57.093794+00:00,2020-10-29T15:18:56.000000Z,38.7515,-9.16934,91.003,150.184,74.952
2020-10-29T15:18:58.093819+00:00,2020-10-29T15:18:57.000000Z,38.7513,-9.16922,90.662,149.996,73.2708
2020-10-29T15:18:59.094326+00:00,2020-10-29T15:18:58.000000Z,38.7512,-9.1691,90.174,149.294,69.6888
2020-10-29T15:19:00.095504+00:00,2020-10-29T15:18:59.000000Z,38.751,-9.16899,89.576,149.33,66.4416
2020-10-29T15:19:01.096504+00:00,2020-10-29T15:19:00.000000Z,38.7509,-9.16889,89.195,149.821,63.054
2020-10-29T15:19:02.096696+00:00,2020-10-29T15:19:01.000000Z,38.7508,-9.16878,89.548,145.67,60.2352
2020-10-29T15:19:03.096771+00:00,2020-10-29T15:19:02.000000Z,38.7506,-9.16868,89.091,149.245,61.398
2020-10-29T15:19:04.097864+00:00,2020-10-29T15:19:03.000000Z,38.7505,-9.16858,88.598,150.017,61.8156
2020-10-29T15:19:05.097956+00:00,2020-10-29T15:19:04.000000Z,38.7504,-9.16847,88.009,149.185,63.4212
2020-10-29T15:19:06.098967+00:00,2020-10-29T15:19:05.000000Z,38.7502,-9.16837,87.748,149.324,63.342
2020-10-29T15:19:07.099743+00:00,2020-10-29T15:19:06.000000Z,38.7501,-9.16826,87.781,147.907,62.0928
2020-10-29T15:19:08.100932+00:00,2020-10-29T15:19:07.000000Z,38.75,-9.16816,87.224,152.566,65.592
2020-10-29T15:19:09.101353+00:00,2020-10-29T15:19:08.000000Z,38.7498,-9.16807,87.233,150.866,62.8596
2020-10-29T15:19:10.102644+00:00,2020-10-29T15:19:09.000000Z,38.7497,-9.16796,86.821,150.251,64.2456
2020-10-29T15:19:11.103752+00:00,2020-10-29T15:19:10.000000Z,38.7496,-9.16787,86.487,149.489,57.3624
2020-10-29T15:19:12.104168+00:00,2020-10-29T15:19:11.000000Z,38.7494,-9.16777,86.504,148.059,58.1328
2020-10-29T15:19:13.104730+00:00,2020-10-29T15:19:12.000000Z,38.7493,-9.16767,87.087,148.18,58.5288
2020-10-29T15:19:14.105037+00:00,2020-10-29T15:19:13.000000Z,38.7492,-9.16757,88.196,148.642,59.13
2020-10-29T15:19:15.105780+00:00,2020-10-29T15:19:14.000000Z,38.7491,-9.16747,87.905,150.107,58.4064
2020-10-29T15:19:16.106497+00:00,2020-10-29T15:19:15.000000Z,38.7489,-9.16738,87.683,149.58,57.6
2020-10-29T15:19:17.107962+00:00,2020-10-29T15:19:16.000000Z,38.7488,-9.16728,87.729,149.796,57.2004
2020-10-29T15:19:18.108364+00:00,2020-10-29T15:19:17.000000Z,38.7487,-9.16719,87.49,150.331,56.736
2020-10-29T15:19:19.108831+00:00,2020-10-29T15:19:18.000000Z,38.7486,-9.1671,87.075,149.747,58.6152
2020-10-29T15:19:20.110040+00:00,2020-10-29T15:19:19.000000Z,38.7484,-9.16701,86.834,150.863,55.872
2020-10-29T15:19:21.110726+00:00,2020-10-29T15:19:20.000000Z,38.7483,-9.16692,86.475,151.461,53.3376
2020-10-29T15:19:22.110945+00:00,2020-10-29T15:19:21.000000Z,38.7482,-9.16684,87.297,152.045,50.8104
2020-10-29T15:19:23.111287+00:00,2020-10-29T15:19:22.000000Z,38.7481,-9.16677,87.088,152.154,49.1652
2020-10-29T15:19:24.111811+00:00,2020-10-29T15:19:23.000000Z,38.748,-9.16669,86.765,151.162,49.9068
2020-10-29T15:19:25.111874+00:00,2020-10-29T15:19:24.000000Z,38.7479,-9.16661,85.829,150.605,51.4584
2020-10-29T15:19:26.112387+00:00,2020-10-29T15:19:25.000000Z,38.7478,-9.16652,86.249,150.383,54.81
2020-10-29T15:19:27.112981+00:00,2020-10-29T15:19:26.000000Z,38.7476,-9.16644,85.792,150.215,55.8828
2020-10-29T15:19:28.114358+00:00,2020-10-29T15:19:27.000000Z,38.7475,-9.16634,85.952,149.366,58.4028
2020-10-29T15:19:29.115261+00:00,2020-10-29T15:19:28.000000Z,38.7474,-9.16624,85.699,149.737,61.488
2020-10-29T15:19:30.116358+00:00,2020-10-29T15:19:29.000000Z,38.7472,-9.16615,85.113,150.629,61.8408
2020-10-29T15:19:31.116640+00:00,2020-10-29T15:19:30.000000Z,38.7471,-9.16605,84.777,150.891,64.4148
2020-10-29T15:19:32.117107+00:00,2020-10-29T15:19:31.000000Z,38.747,-9.16595,84.733,151.417,63.1404
2020-10-29T15:19:33.118279+00:00,2020-10-29T15:19:32.000000Z,38.7468,-9.16586,84.467,154.602,68.4648
2020-10-29T15:19:34.119519+00:00,2020-10-29T15:19:33.000000Z,38.7467,-9.16577,84.352,157.092,68.5872
2020-10-29T15:19:35.120423+00:00,2020-10-29T15:19:34.000000Z,38.7465,-9.1657,83.506,160.368,65.1456
2020-10-29T15:19:36.120514+00:00,2020-10-29T15:19:35.000000Z,38.7464,-9.16564,82.827,158.928,60.1524
2020-10-29T15:19:37.120927+00:00,2020-10-29T15:19:36.000000Z,38.7462,-9.16558,80.833,162.39,58.1832
2020-10-29T15:19:38.121281+00:00,2020-10-29T15:19:37.000000Z,38.7461,-9.16556,80.035,171.638,64.8108
2020-10-29T15:19:39.121900+00:00,2020-10-29T15:19:38.000000Z,38.7459,-9.16554,79.479,174.081,65.1888
2020-10-29T15:19:40.122226+00:00,2020-10-29T15:19:39.000000Z,38.7457,-9.16552,80.041,174.293,63.8604
2020-10-29T15:19:41.122500+00:00,2020-10-29T15:19:40.000000Z,38.7456,-9.16551,81.195,174.66,61.3368
2020-10-29T15:19:42.123580+00:00,2020-10-29T15:19:41.000000Z,38.7454,-9.16549,81.655,173.123,56.4372
2020-10-29T15:19:43.124442+00:00,2020-10-29T15:19:42.000000Z,38.7453,-9.16546,81.308,165.83,53.2692
2020-10-29T15:19:44.125389+00:00,2020-10-29T15:19:43.000000Z,38.7452,-9.1654,83.01,155.194,52.4232
2020-10-29T15:19:45.125742+00:00,2020-10-29T15:19:44.000000Z,38.7451,-9.16531,84.057,144.764,51.228
2020-10-29T15:19:46.126797+00:00,2020-10-29T15:19:45.000000Z,38.745,-9.1652,84.976,132.781,50.3892
2020-10-29T15:19:47.128016+00:00,2020-10-29T15:19:46.000000Z,38.7449,-9.16507,86.502,120.761,51.75
2020-10-29T15:19:48.128962+00:00,2020-10-29T15:19:47.000000Z,38.7448,-9.16493,87.621,116.246,50.5404
2020-10-29T15:19:49.129184+00:00,2020-10-29T15:19:48.000000Z,38.7448,-9.16477,88.935,108.952,50.9472
2020-10-29T15:19:50.129741+00:00,2020-10-29T15:19:49.000000Z,38.7448,-9.16461,89.291,103.257,50.7168
2020-10-29T15:19:51.130261+00:00,2020-10-29T15:19:50.000000Z,38.7447,-9.16445,90.1,103.058,53.604
2020-10-29T15:19:52.131035+00:00,2020-10-29T15:19:51.000000Z,38.7447,-9.16428,90.868,103.744,56.1744
2020-10-29T15:19:53.131090+00:00,2020-10-29T15:19:52.000000Z,38.7447,-9.1641,90.876,101.508,58.1076
2020-10-29T15:19:54.132590+00:00,2020-10-29T15:19:53.000000Z,38.7446,-9.16392,92.586,103.399,59.4108
2020-10-29T15:19:55.133723+00:00,2020-10-29T15:19:54.000000Z,38.7446,-9.16373,94.85,104.393,59.7708
2020-10-29T15:19:56.135299+00:00,2020-10-29T15:19:56.000000Z,38.7445,-9.16337,96.923,104.688,58.734
2020-10-29T15:19:57.135396+00:00,2020-10-29T15:19:57.000000Z,38.7445,-9.1632,97.605,107.645,55.3428
2020-10-29T15:19:58.135783+00:00,2020-10-29T15:19:58.000000Z,38.7445,-9.16303,98.124,98.132,53.7156
2020-10-29T15:19:59.137484+00:00,2020-10-29T15:19:59.000000Z,38.7445,-9.16287,98.144,87.2233,51.0876
2020-10-29T15:20:00.137728+00:00,2020-10-29T15:20:00.000000Z,38.7445,-9.16272,98.627,71.8364,48.4236
2020-10-29T15:20:01.138240+00:00,2020-10-29T15:20:01.000000Z,38.7446,-9.16259,98.819,53.3621,51.5412
2020-10-29T15:20:02.138976+00:00,2020-10-29T15:20:02.000000Z,38.7446,-9.16246,99.297,61.1032,47.322
2020-10-29T15:20:03.139559+00:00,2020-10-29T15:20:03.000000Z,38.7447,-9.16232,100.4,67.7398,46.0764
2020-10-29T15:20:04.140634+00:00,2020-10-29T15:20:04.000000Z,38.7447,-9.16219,99.356,72.2824,43.8624
2020-10-29T15:20:05.141545+00:00,2020-10-29T15:20:05.000000Z,38.7447,-9.16206,98.873,88.8929,42.4296
2020-10-29T15:20:06.142403+00:00,2020-10-29T15:20:06.000000Z,38.7447,-9.16193,99.223,104.869,40.1472
2020-10-29T15:20:07.142563+00:00,2020-10-29T15:20:07.000000Z,38.7446,-9.16183,99.178,119.65,37.5768
2020-10-29T15:20:08.143179+00:00,2020-10-29T15:20:08.000000Z,38.7446,-9.16174,98.915,132.358,36.2628
2020-10-29T15:20:09.144775+00:00,2020-10-29T15:20:09.000000Z,38.7445,-9.16167,100.257,145.527,33.6312
2020-10-29T15:20:10.145372+00:00,2020-10-29T15:20:10.000000Z,38.7444,-9.16161,100.692,149.911,39.4992
2020-10-29T15:20:11.146519+00:00,2020-10-29T15:20:11.000000Z,38.7443,-9.16154,100.794,148.817,42.1668
2020-10-29T15:20:12.147138+00:00,2020-10-29T15:20:12.000000Z,38.7442,-9.16147,101.23,148.137,44.586
2020-10-29T15:20:13.148055+00:00,2020-10-29T15:20:13.000000Z,38.7441,-9.1614,101.183,149.371,43.5996
2020-10-29T15:20:14.148295+00:00,2020-10-29T15:20:14.000000Z,38.744,-9.16132,102.11,147.33,43.9812
2020-10-29T15:20:15.149152+00:00,2020-10-29T15:20:15.000000Z,38.7439,-9.16124,102.06,148.978,47.1132
2020-10-29T15:20:16.149399+00:00,2020-10-29T15:20:16.000000Z,38.7438,-9.16116,101.717,148.941,49.1184
2020-10-29T15:20:17.150139+00:00,2020-10-29T15:20:17.000000Z,38.7437,-9.16108,101.423,149.893,52.4592
2020-10-29T15:20:18.151200+00:00,2020-10-29T15:20:18.000000Z,38.7436,-9.16099,101.823,148.552,54.2556
2020-10-29T15:20:19.151662+00:00,2020-10-29T15:20:19.000000Z,38.7435,-9.16089,101.54,150.185,57.6108
2020-10-29T15:20:20.152236+00:00,2020-10-29T15:20:20.000000Z,38.7434,-9.16081,102.071,153.054,57.402
2020-10-29T15:20:21.153094+00:00,2020-10-29T15:20:21.000000Z,38.7432,-9.16072,101.713,152.53,56.502
2020-10-29T15:20:22.154068+00:00,2020-10-29T15:20:22.000000Z,38.7431,-9.16064,101.725,153.703,55.71
2020-10-29T15:20:23.154209+00:00,2020-10-29T15:20:23.000000Z,38.743,-9.16055,101.854,153.32,57.5676
2020-10-29T15:20:24.155137+00:00,2020-10-29T15:20:24.000000Z,38.7428,-9.16047,101.799,152.648,58.446
2020-10-29T15:20:25.155779+00:00,2020-10-29T15:20:25.000000Z,38.7427,-9.16038,101.337,152.864,59.1084
2020-10-29T15:20:26.156201+00:00,2020-10-29T15:20:26.000000Z,38.7426,-9.16029,100.372,152.953,59.5872
2020-10-29T15:20:27.157657+00:00,2020-10-29T15:20:27.000000Z,38.7424,-9.1602,99.002,152.867,59.6772
2020-10-29T15:20:28.158071+00:00,2020-10-29T15:20:28.000000Z,38.7423,-9.16012,98.068,152.865,59.7636
2020-10-29T15:20:29.158908+00:00,2020-10-29T15:20:29.000000Z,38.7422,-9.16003,97.49,152.449,59.4828
2020-10-29T15:20:30.159924+00:00,2020-10-29T15:20:30.000000Z,38.7421,-9.15995,97.366,154.42,57.2148
2020-10-29T15:20:31.159938+00:00,2020-10-29T15:20:31.000000Z,38.7419,-9.15986,96.672,151.734,56.5056
2020-10-29T15:20:32.159977+00:00,2020-10-29T15:20:32.000000Z,38.7418,-9.15978,95.747,152.242,54.3168
2020-10-29T15:20:33.160814+00:00,2020-10-29T15:20:33.000000Z,38.7417,-9.1597,94.766,151.677,51.9264
2020-10-29T15:20:34.162077+00:00,2020-10-29T15:20:34.000000Z,38.7416,-9.15963,93.69,150.837,49.3992
2020-10-29T15:20:35.162315+00:00,2020-10-29T15:20:35.000000Z,38.7415,-9.15956,92.836,151.212,43.8264
2020-10-29T15:20:36.163219+00:00,2020-10-29T15:20:36.000000Z,38.7414,-9.1595,91.913,155.894,41.2488
2020-10-29T15:20:37.164335+00:00,2020-10-29T15:20:37.000000Z,38.7413,-9.15946,91.58,165.922,41.3352
2020-10-29T15:20:38.164641+00:00,2020-10-29T15:20:38.000000Z,38.7412,-9.15945,90.403,178.474,30.96
2020-10-29T15:20:39.165557+00:00,2020-10-29T15:20:39.000000Z,38.7411,-9.15946,90.582,190.504,21.2472
2020-10-29T15:20:40.165658+00:00,2020-10-29T15:20:40.000000Z,38.7411,-9.15946,90.188,185.208,13.4676
2020-10-29T15:20:41.165866+00:00,2020-10-29T15:20:41.000000Z,38.7411,-9.15946,89.696,202.089,4.698
2020-10-29T15:20:42.166320+00:00,2020-10-29T15:20:42.000000Z,38.7411,-9.15947,89.489,196.016,0.0
2020-10-29T15:20:43.166488+00:00,2020-10-29T15:20:43.000000Z,38.7411,-9.15947,88.707,198.393,3.8052
2020-10-29T15:20:44.167429+00:00,2020-10-29T15:20:44.000000Z,38.7411,-9.15948,88.127,210.569,8.6112
2020-10-29T15:20:45.167957+00:00,2020-10-29T15:20:45.000000Z,38.741,-9.15951,87.965,213.27,14.8104
2020-10-29T15:20:46.168147+00:00,2020-10-29T15:20:46.000000Z,38.741,-9.15955,87.983,221.676,20.9592
2020-10-29T15:20:47.168566+00:00,2020-10-29T15:20:47.000000Z,38.741,-9.1596,87.042,228.385,21.87
2020-10-29T15:20:48.169537+00:00,2020-10-29T15:20:48.000000Z,38.7409,-9.15967,86.39,238.759,25.2036
2020-10-29T15:20:49.170306+00:00,2020-10-29T15:20:49.000000Z,38.7409,-9.15976,85.638,248.986,30.9492
2020-10-29T15:20:50.170981+00:00,2020-10-29T15:20:50.000000Z,38.7409,-9.15986,85.486,261.878,32.7636
2020-10-29T15:20:51.171167+00:00,2020-10-29T15:20:51.000000Z,38.7409,-9.15996,83.969,262.31,33.5088
2020-10-29T15:20:52.171694+00:00,2020-10-29T15:20:52.000000Z,38.7409,-9.16008,83.955,262.36,38.8836
2020-10-29T15:20:53.171981+00:00,2020-10-29T15:20:53.000000Z,38.7409,-9.16021,83.493,264.76,42.8292
2020-10-29T15:20:54.172872+00:00,2020-10-29T15:20:54.000000Z,38.7409,-9.16035,81.567,267.641,45.2232
2020-10-29T15:20:55.173843+00:00,2020-10-29T15:20:55.000000Z,38.7409,-9.1605,80.344,267.878,47.6784
2020-10-29T15:20:56.175639+00:00,2020-10-29T15:20:56.000000Z,38.7409,-9.16066,79.333,269.648,50.1012
2020-10-29T15:20:57.174820+00:00,2020-10-29T15:20:57.000000Z,38.7409,-9.16082,78.262,269.012,50.8716
2020-10-29T15:20:58.175905+00:00,2020-10-29T15:20:58.000000Z,38.7409,-9.16098,77.178,271.202,50.742
2020-10-29T15:20:59.177710+00:00,2020-10-29T15:20:59.000000Z,38.7409,-9.16114,76.103,268.771,50.5368
2020-10-29T15:21:00.177270+00:00,2020-10-29T15:21:00.000000Z,38.7409,-9.1613,75.023,269.209,49.1904
2020-10-29T15:21:01.178590+00:00,2020-10-29T15:21:01.000000Z,38.7408,-9.16146,74.475,266.805,50.0328
2020-10-29T15:21:02.178675+00:00,2020-10-29T15:21:02.000000Z,38.7408,-9.16162,74.077,269.658,48.2328
2020-10-29T15:21:03.179397+00:00,2020-10-29T15:21:03.000000Z,38.7408,-9.16176,73.858,268.106,44.9424
2020-10-29T15:21:04.179571+00:00,2020-10-29T15:21:04.000000Z,38.7408,-9.1619,73.892,267.873,42.5808
2020-10-29T15:21:05.179709+00:00,2020-10-29T15:21:05.000000Z,38.7408,-9.16202,74.273,270.618,33.9876
2020-10-29T15:21:06.180335+00:00,2020-10-29T15:21:06.000000Z,38.7409,-9.16211,74.477,274.967,26.4528
2020-10-29T15:21:07.180602+00:00,2020-10-29T15:21:07.000000Z,38.7409,-9.16218,74.745,283.41,21.3768
2020-10-29T15:21:08.181696+00:00,2020-10-29T15:21:08.000000Z,38.7409,-9.16224,75.194,290.866,19.674
2020-10-29T15:21:09.182053+00:00,2020-10-29T15:21:09.000000Z,38.7409,-9.1623,74.574,286.276,20.0628
2020-10-29T15:21:10.183591+00:00,2020-10-29T15:21:10.000000Z,38.7409,-9.16236,74.212,273.599,21.8232
2020-10-29T15:21:11.183735+00:00,2020-10-29T15:21:11.000000Z,38.7409,-9.16243,74.568,266.053,21.654
2020-10-29T15:21:12.184089+00:00,2020-10-29T15:21:12.000000Z,38.7409,-9.1625,75.006,248.139,21.8988
2020-10-29T15:21:13.185263+00:00,2020-10-29T15:21:13.000000Z,38.7409,-9.16256,74.759,267.223,20.8188
2020-10-29T15:21:14.185577+00:00,2020-10-29T15:21:14.000000Z,38.7409,-9.16264,74.806,267.745,24.8616
2020-10-29T15:21:15.188101+00:00,2020-10-29T15:21:15.000000Z,38.7409,-9.16273,74.899,276.876,28.1304
2020-10-29T15:21:16.187131+00:00,2020-10-29T15:21:16.000000Z,38.7409,-9.16281,74.629,292.36,28.206
2020-10-29T15:21:17.187181+00:00,2020-10-29T15:21:17.000000Z,38.7409,-9.1629,74.392,293.322,29.2428
2020-10-29T15:21:18.187600+00:00,2020-10-29T15:21:18.000000Z,38.741,-9.16299,74.111,297.567,33.7428
2020-10-29T15:21:19.188070+00:00,2020-10-29T15:21:19.000000Z,38.741,-9.16309,73.469,297.99,37.1304
2020-10-29T15:21:20.189034+00:00,2020-10-29T15:21:20.000000Z,38.7411,-9.1632,73.33,299.152,39.9384
2020-10-29T15:21:21.190119+00:00,2020-10-29T15:21:21.000000Z,38.7411,-9.16332,75.094,299.363,39.996
2020-10-29T15:21:22.190711+00:00,2020-10-29T15:21:22.000000Z,38.7412,-9.16343,75.325,299.584,42.03
2020-10-29T15:21:23.191311+00:00,2020-10-29T15:21:23.000000Z,38.7412,-9.16355,75.293,302.023,43.6752
2020-10-29T15:21:24.192082+00:00,2020-10-29T15:21:24.000000Z,38.7413,-9.16367,75.318,304.744,46.2384
2020-10-29T15:21:25.193092+00:00,2020-10-29T15:21:25.000000Z,38.7414,-9.16379,76.006,306.632,44.9208
2020-10-29T15:21:26.193013+00:00,2020-10-29T15:21:26.000000Z,38.7414,-9.16391,75.425,305.996,48.4092
2020-10-29T15:21:27.193942+00:00,2020-10-29T15:21:27.000000Z,38.7415,-9.16403,74.869,308.134,48.3588
2020-10-29T15:21:28.194788+00:00,2020-10-29T15:21:28.000000Z,38.7416,-9.16415,73.994,310.509,48.9492
2020-10-29T15:21:29.194905+00:00,2020-10-29T15:21:29.000000Z,38.7417,-9.16427,74.867,310.412,47.8116
2020-10-29T15:21:30.196064+00:00,2020-10-29T15:21:30.000000Z,38.7417,-9.16438,75.241,313.57,47.6172
2020-10-29T15:21:31.196132+00:00,2020-10-29T15:21:31.000000Z,38.7418,-9.16448,74.486,312.948,46.2384
2020-10-29T15:21:32.197232+00:00,2020-10-29T15:21:32.000000Z,38.7419,-9.16459,74.567,312.08,45.1836
2020-10-29T15:21:33.197482+00:00,2020-10-29T15:21:33.000000Z,38.742,-9.16468,73.708,313.649,39.834
2020-10-29T15:21:34.198567+00:00,2020-10-29T15:21:34.000000Z,38.742,-9.16476,72.243,309.736,32.7492
2020-10-29T15:21:35.199441+00:00,2020-10-29T15:21:35.000000Z,38.7421,-9.16484,71.323,314.082,32.328
2020-10-29T15:21:36.199463+00:00,2020-10-29T15:21:36.000000Z,38.7421,-9.16492,70.698,304.492,30.4596
2020-10-29T15:21:37.199673+00:00,2020-10-29T15:21:37.000000Z,38.7421,-9.165,71.059,286.051,23.778
2020-10-29T15:21:38.200673+00:00,2020-10-29T15:21:38.000000Z,38.7421,-9.16508,71.935,264.383,22.4172
2020-10-29T15:21:39.201253+00:00,2020-10-29T15:21:39.000000Z,38.7421,-9.16514,71.271,241.701,20.5848
2020-10-29T15:21:40.202400+00:00,2020-10-29T15:21:40.000000Z,38.7421,-9.16519,71.044,221.165,20.4552
2020-10-29T15:21:41.204896+00:00,2020-10-29T15:21:41.000000Z,38.742,-9.16521,70.467,195.729,19.242
2020-10-29T15:21:42.205326+00:00,2020-10-29T15:21:42.000000Z,38.742,-9.1652,69.684,149.484,11.6892
2020-10-29T15:21:43.206596+00:00,2020-10-29T15:21:43.000000Z,38.742,-9.16518,69.69,148.2,15.8364
2020-10-29T15:21:44.206948+00:00,2020-10-29T15:21:44.000000Z,38.7419,-9.16515,70.052,141.152,17.3304
2020-10-29T15:21:45.207870+00:00,2020-10-29T15:21:45.000000Z,38.7419,-9.16512,69.873,139.605,15.048
2020-10-29T15:21:46.208248+00:00,2020-10-29T15:21:46.000000Z,38.7419,-9.1651,70.228,144.36,13.032
2020-10-29T15:21:47.208824+00:00,2020-10-29T15:21:47.000000Z,38.7418,-9.16509,69.583,153.527,9.5508
2020-10-29T15:21:48.209910+00:00,2020-10-29T15:21:48.000000Z,38.7418,-9.16509,68.478,146.568,8.0676
2020-10-29T15:21:49.211094+00:00,2020-10-29T15:21:49.000000Z,38.7418,-9.16508,68.638,160.996,6.6132
2020-10-29T15:21:50.211752+00:00,2020-10-29T15:21:50.000000Z,38.7418,-9.16509,69.236,170.371,0.0
2020-10-29T15:21:51.212693+00:00,2020-10-29T15:21:51.000000Z,38.7418,-9.16509,69.373,144.037,0.0
2020-10-29T15:21:52.212926+00:00,2020-10-29T15:21:52.000000Z,38.7418,-9.16509,69.744,129.722,0.0
2020-10-29T15:21:53.213806+00:00,2020-10-29T15:21:53.000000Z,38.7418,-9.16508,70.479,130.682,0.0
2020-10-29T15:21:54.214767+00:00,2020-10-29T15:21:54.000000Z,38.7418,-9.16508,71.009,123.486,0.0
2020-10-29T15:21:55.215309+00:00,2020-10-29T15:21:55.000000Z,38.7418,-9.16508,70.613,65.9757,0.0
2020-10-29T15:21:56.215637+00:00,2020-10-29T15:21:56.000000Z,38.7418,-9.16508,70.859,214.622,0.0
2020-10-29T15:21:57.216066+00:00,2020-10-29T15:21:57.000000Z,38.7418,-9.16507,70.765,173.886,0.0
2020-10-29T15:21:58.216278+00:00,2020-10-29T15:21:58.000000Z,38.7418,-9.16507,70.976,176.494,0.0
2020-10-29T15:21:59.216812+00:00,2020-10-29T15:21:59.000000Z,38.7418,-9.16506,71.199,56.3529,0.0
2020-10-29T15:22:00.217314+00:00,2020-10-29T15:22:00.000000Z,38.7418,-9.16506,71.295,178.594,0.0
2020-10-29T15:22:01.218559+00:00,2020-10-29T15:22:01.000000Z,38.7417,-9.16505,71.758,146.634,0.0
2020-10-29T15:22:02.218591+00:00,2020-10-29T15:22:02.000000Z,38.7417,-9.16504,72.105,140.969,0.0
2020-10-29T15:22:03.219129+00:00,2020-10-29T15:22:03.000000Z,38.7417,-9.16504,72.5,132.932,0.0
2020-10-29T15:22:04.219538+00:00,2020-10-29T15:22:04.000000Z,38.7417,-9.16504,72.48,166.821,0.0
2020-10-29T15:22:05.220309+00:00,2020-10-29T15:22:05.000000Z,38.7417,-9.16503,72.438,170.079,0.0
2020-10-29T15:22:06.221332+00:00,2020-10-29T15:22:06.000000Z,38.7417,-9.16503,72.886,172.233,3.3084
2020-10-29T15:22:07.221582+00:00,2020-10-29T15:22:07.000000Z,38.7417,-9.16503,73.413,185.835,6.2352
2020-10-29T15:22:08.221609+00:00,2020-10-29T15:22:08.000000Z,38.7417,-9.16503,73.445,189.957,5.5224
2020-10-29T15:22:09.222255+00:00,2020-10-29T15:22:09.000000Z,38.7417,-9.16504,72.551,199.121,8.3844
2020-10-29T15:22:10.222523+00:00,2020-10-29T15:22:10.000000Z,38.7416,-9.16506,71.135,209.873,9.3348
2020-10-29T15:22:11.223162+00:00,2020-10-29T15:22:11.000000Z,38.7416,-9.16509,70.249,237.301,11.466
2020-10-29T15:22:12.224332+00:00,2020-10-29T15:22:12.000000Z,38.7416,-9.16514,68.559,251.65,14.8572
2020-10-29T15:22:13.225257+00:00,2020-10-29T15:22:13.000000Z,38.7416,-9.1652,68.773,252.291,16.7652
2020-10-29T15:22:14.225787+00:00,2020-10-29T15:22:14.000000Z,38.7416,-9.16525,69.358,251.341,16.902
2020-10-29T15:22:15.226560+00:00,2020-10-29T15:22:15.000000Z,38.7416,-9.16531,69.239,250.287,18.1908
2020-10-29T15:22:16.227367+00:00,2020-10-29T15:22:16.000000Z,38.7416,-9.16534,68.536,228.814,13.6656
2020-10-29T15:22:17.227623+00:00,2020-10-29T15:22:17.000000Z,38.7415,-9.1654,68.114,250.692,19.0296
2020-10-29T15:22:18.228092+00:00,2020-10-29T15:22:18.000000Z,38.7415,-9.16546,67.565,255.078,17.1252
2020-10-29T15:22:19.228773+00:00,2020-10-29T15:22:19.000000Z,38.7415,-9.1655,67.012,246.503,14.4936
2020-10-29T15:22:20.229198+00:00,2020-10-29T15:22:20.000000Z,38.7415,-9.16553,66.298,242.939,8.9244
2020-10-29T15:22:21.229883+00:00,2020-10-29T15:22:21.000000Z,38.7415,-9.16556,66.585,246.411,7.5132
2020-10-29T15:22:22.230042+00:00,2020-10-29T15:22:22.000000Z,38.7415,-9.16558,67.047,244.463,3.4956
2020-10-29T15:22:23.230555+00:00,2020-10-29T15:22:23.000000Z,38.7415,-9.16559,68.081,190.671,0.0
2020-10-29T15:22:24.231698+00:00,2020-10-29T15:22:24.000000Z,38.7415,-9.1656,67.878,225.311,0.0
2020-10-29T15:22:25.232273+00:00,2020-10-29T15:22:25.000000Z,38.7415,-9.16561,68.377,11.1999,0.0
2020-10-29T15:22:26.232508+00:00,2020-10-29T15:22:26.000000Z,38.7415,-9.16562,69.167,306.51,0.0
2020-10-29T15:22:27.233910+00:00,2020-10-29T15:22:27.000000Z,38.7415,-9.16562,70.506,166.64,0.0
2020-10-29T15:22:28.234019+00:00,2020-10-29T15:22:28.000000Z,38.7414,-9.16563,71.382,252.935,0.0
2020-10-29T15:22:29.235049+00:00,2020-10-29T15:22:29.000000Z,38.7414,-9.16564,72.41,69.9563,0.0
2020-10-29T15:22:30.234759+00:00,2020-10-29T15:22:30.000000Z,38.7414,-9.16564,73.449,78.6726,0.0
2020-10-29T15:22:31.235684+00:00,2020-10-29T15:22:31.000000Z,38.7414,-9.16565,74.514,163.781,0.0
2020-10-29T15:22:32.237087+00:00,2020-10-29T15:22:32.000000Z,38.7414,-9.16565,75.8,193.893,0.0
2020-10-29T15:22:33.237381+00:00,2020-10-29T15:22:33.000000Z,38.7414,-9.16566,77.103,98.7919,0.0
2020-10-29T15:22:34.237883+00:00,2020-10-29T15:22:34.000000Z,38.7414,-9.16566,77.997,289.263,0.0
2020-10-29T15:22:35.238606+00:00,2020-10-29T15:22:35.000000Z,38.7414,-9.16567,79.808,176.556,0.0
2020-10-29T15:22:36.239779+00:00,2020-10-29T15:22:36.000000Z,38.7414,-9.16567,80.625,186.681,0.0
2020-10-29T15:22:37.239878+00:00,2020-10-29T15:22:37.000000Z,38.7414,-9.16567,81.071,277.119,0.0
2020-10-29T15:22:38.240357+00:00,2020-10-29T15:22:38.000000Z,38.7414,-9.16567,81.501,67.9051,0.0
2020-10-29T15:22:39.241431+00:00,2020-10-29T15:22:39.000000Z,38.7414,-9.16567,82.252,75.1775,0.0
2020-10-29T15:22:40.241756+00:00,2020-10-29T15:22:40.000000Z,38.7414,-9.16568,82.874,40.7162,0.0
2020-10-29T15:22:41.241805+00:00,2020-10-29T15:22:41.000000Z,38.7414,-9.16568,82.891,215.346,0.0
2020-10-29T15:22:42.241960+00:00,2020-10-29T15:22:42.000000Z,38.7414,-9.16568,82.964,227.46,0.0
2020-10-29T15:22:43.242019+00:00,2020-10-29T15:22:43.000000Z,38.7414,-9.16568,82.864,329.775,0.0
2020-10-29T15:22:44.243140+00:00,2020-10-29T15:22:44.000000Z,38.7414,-9.16569,82.511,294.876,0.0
2020-10-29T15:22:45.243527+00:00,2020-10-29T15:22:45.000000Z,38.7414,-9.16569,82.27,159.301,0.0
2020-10-29T15:22:46.243984+00:00,2020-10-29T15:22:46.000000Z,38.7414,-9.16569,81.922,343.049,0.0
2020-10-29T15:22:47.244255+00:00,2020-10-29T15:22:47.000000Z,38.7414,-9.16569,81.715,358.716,0.0
2020-10-29T15:22:48.245319+00:00,2020-10-29T15:22:48.000000Z,38.7414,-9.16569,81.801,78.4731,0.0
2020-10-29T15:22:49.245934+00:00,2020-10-29T15:22:49.000000Z,38.7414,-9.16569,81.914,37.9766,0.0
2020-10-29T15:22:50.246244+00:00,2020-10-29T15:22:50.000000Z,38.7414,-9.16569,83.103,161.072,0.0
2020-10-29T15:22:51.246907+00:00,2020-10-29T15:22:51.000000Z,38.7414,-9.16569,84.076,209.411,0.0
2020-10-29T15:22:52.247878+00:00,2020-10-29T15:22:52.000000Z,38.7414,-9.16569,84.756,150.568,0.0
2020-10-29T15:22:53.247944+00:00,2020-10-29T15:22:53.000000Z,38.7414,-9.16569,85.211,209.76,0.0
2020-10-29T15:22:54.248969+00:00,2020-10-29T15:22:54.000000Z,38.7414,-9.16569,85.958,204.782,0.0
2020-10-29T15:22:55.249139+00:00,2020-10-29T15:22:55.000000Z,38.7414,-9.16569,86.298,327.119,0.0
2020-10-29T15:22:56.250050+00:00,2020-10-29T15:22:56.000000Z,38.7414,-9.16568,85.969,71.7063,0.0
2020-10-29T15:22:57.250733+00:00,2020-10-29T15:22:57.000000Z,38.7414,-9.16568,86.151,180.803,0.0
2020-10-29T15:22:58.251639+00:00,2020-10-29T15:22:58.000000Z,38.7414,-9.16568,87.201,159.575,0.0
2020-10-29T15:22:59.252534+00:00,2020-10-29T15:22:59.000000Z,38.7414,-9.16568,87.734,299.085,0.0
2020-10-29T15:23:00.253333+00:00,2020-10-29T15:23:00.000000Z,38.7414,-9.16569,88.378,223.904,0.0
2020-10-29T15:23:01.254223+00:00,2020-10-29T15:23:01.000000Z,38.7414,-9.16568,88.648,10.2501,0.0
2020-10-29T15:23:02.254445+00:00,2020-10-29T15:23:02.000000Z,38.7414,-9.16568,88.248,48.0432,0.0
2020-10-29T15:23:03.254609+00:00,2020-10-29T15:23:03.000000Z,38.7414,-9.16568,88.096,1.7368,0.0
2020-10-29T15:23:04.255567+00:00,2020-10-29T15:23:04.000000Z,38.7414,-9.16568,88.811,4.7287,0.0
2020-10-29T15:23:05.256262+00:00,2020-10-29T15:23:05.000000Z,38.7414,-9.16568,88.824,155.678,0.0
2020-10-29T15:23:06.256786+00:00,2020-10-29T15:23:06.000000Z,38.7414,-9.16568,88.963,154.611,0.0
2020-10-29T15:23:07.257615+00:00,2020-10-29T15:23:07.000000Z,38.7414,-9.16568,88.31,166.514,0.0
2020-10-29T15:23:08.258620+00:00,2020-10-29T15:23:08.000000Z,38.7414,-9.16568,88.465,97.5355,0.0
2020-10-29T15:23:09.259649+00:00,2020-10-29T15:23:09.000000Z,38.7414,-9.16568,88.211,164.708,0.0
2020-10-29T15:23:10.260802+00:00,2020-10-29T15:23:10.000000Z,38.7414,-9.16568,88.51,182.544,0.0
2020-10-29T15:23:11.260938+00:00,2020-10-29T15:23:11.000000Z,38.7414,-9.16568,88.895,211.922,0.0
2020-10-29T15:23:12.261570+00:00,2020-10-29T15:23:12.000000Z,38.7414,-9.16568,89.071,262.281,0.0
2020-10-29T15:23:13.262170+00:00,2020-10-29T15:23:13.000000Z,38.7414,-9.16568,89.411,305.325,0.0
2020-10-29T15:23:14.263082+00:00,2020-10-29T15:23:14.000000Z,38.7414,-9.16568,89.768,7.0206,0.0
2020-10-29T15:23:15.264159+00:00,2020-10-29T15:23:15.000000Z,38.7414,-9.16568,90.013,286.333,0.0
2020-10-29T15:23:16.264998+00:00,2020-10-29T15:23:16.000000Z,38.7414,-9.16568,89.935,309.054,0.0
2020-10-29T15:23:17.266063+00:00,2020-10-29T15:23:17.000000Z,38.7414,-9.16568,89.921,251.722,0.0
2020-10-29T15:23:18.266278+00:00,2020-10-29T15:23:18.000000Z,38.7414,-9.16568,89.691,16.8042,0.0
2020-10-29T15:23:19.266953+00:00,2020-10-29T15:23:19.000000Z,38.7414,-9.16568,89.247,358.648,0.0
2020-10-29T15:23:20.267238+00:00,2020-10-29T15:23:20.000000Z,38.7414,-9.16568,88.754,339.416,0.0
2020-10-29T15:23:21.268153+00:00,2020-10-29T15:23:21.000000Z,38.7414,-9.16568,88.055,10.586,0.0
2020-10-29T15:23:22.268172+00:00,2020-10-29T15:23:22.000000Z,38.7414,-9.16568,87.726,63.1993,0.0
2020-10-29T15:23:23.268821+00:00,2020-10-29T15:23:23.000000Z,38.7414,-9.16568,87.35,91.059,0.0
2020-10-29T15:23:24.269169+00:00,2020-10-29T15:23:24.000000Z,38.7414,-9.16568,86.999,294.319,0.0
2020-10-29T15:23:25.269615+00:00,2020-10-29T15:23:25.000000Z,38.7414,-9.16568,86.787,247.128,0.0
2020-10-29T15:23:26.270035+00:00,2020-10-29T15:23:26.000000Z,38.7414,-9.16568,86.076,344.112,0.0
2020-10-29T15:23:27.271869+00:00,2020-10-29T15:23:27.000000Z,38.7414,-9.16568,85.733,278.16,0.0
2020-10-29T15:23:28.272302+00:00,2020-10-29T15:23:28.000000Z,38.7414,-9.16568,85.21,300.125,0.0
2020-10-29T15:23:29.273393+00:00,2020-10-29T15:23:29.000000Z,38.7414,-9.16568,85.041,245.128,0.0
2020-10-29T15:23:30.274262+00:00,2020-10-29T15:23:30.000000Z,38.7414,-9.16568,84.815,355.194,0.0
2020-10-29T15:23:31.274298+00:00,2020-10-29T15:23:31.000000Z,38.7414,-9.16567,83.836,166.854,0.0
2020-10-29T15:23:32.275286+00:00,2020-10-29T15:23:32.000000Z,38.7414,-9.16567,83.603,200.513,0.0
2020-10-29T15:23:33.275908+00:00,2020-10-29T15:23:33.000000Z,38.7414,-9.16567,83.793,320.747,0.0
2020-10-29T15:23:34.276455+00:00,2020-10-29T15:23:34.000000Z,38.7414,-9.16567,84.297,280.375,0.0
2020-10-29T15:23:35.276944+00:00,2020-10-29T15:23:35.000000Z,38.7414,-9.16567,84.444,9.2034,0.0
2020-10-29T15:23:36.277922+00:00,2020-10-29T15:23:36.000000Z,38.7414,-9.16567,84.562,8.5065,0.0
2020-10-29T15:23:37.278149+00:00,2020-10-29T15:23:37.000000Z,38.7414,-9.16567,84.72,339.239,0.0
2020-10-29T15:23:38.279187+00:00,2020-10-29T15:23:38.000000Z,38.7414,-9.16567,84.424,337.343,0.0
2020-10-29T15:23:39.279934+00:00,2020-10-29T15:23:39.000000Z,38.7414,-9.16567,83.985,15.0227,0.0
2020-10-29T15:23:40.281166+00:00,2020-10-29T15:23:40.000000Z,38.7414,-9.16567,83.523,176.776,0.0
2020-10-29T15:23:41.281206+00:00,2020-10-29T15:23:41.000000Z,38.7414,-9.16567,83.453,285.734,0.0
2020-10-29T15:23:42.281830+00:00,2020-10-29T15:23:42.000000Z,38.7414,-9.16567,83.185,346.229,0.0
2020-10-29T15:23:43.281970+00:00,2020-10-29T15:23:43.000000Z,38.7414,-9.16567,83.346,357.088,0.0
2020-10-29T15:23:44.282820+00:00,2020-10-29T15:23:44.000000Z,38.7414,-9.16567,83.255,356.04,0.0
2020-10-29T15:23:45.283568+00:00,2020-10-29T15:23:45.000000Z,38.7414,-9.16567,83.053,345.092,0.0
2020-10-29T15:23:46.283666+00:00,2020-10-29T15:23:46.000000Z,38.7414,-9.16567,83.182,292.126,0.0
2020-10-29T15:23:47.284516+00:00,2020-10-29T15:23:47.000000Z,38.7414,-9.16567,83.228,286.68,0.0
